<cz.cuni.mff.xrg.odcs.commons.app.pipeline.Pipeline>
  <actor>
    <externalId>casadmin</externalId>
    <name>admin admin</name>
  </actor>
  <description></description>
  <graph>
    <edges>
      <cz.cuni.mff.xrg.odcs.commons.app.pipeline.graph.Edge>
        <from>
          <dpuInstance>
            <description></description>
            <name>uv-t-xslt</name>
            <rawConf>&lt;object-stream&gt;
  &lt;MasterConfigObject&gt;
    &lt;configurations&gt;
      &lt;entry&gt;
        &lt;string&gt;addon/faultToleranceWrap&lt;/string&gt;
        &lt;string&gt;&amp;lt;object-stream&amp;gt;
  &amp;lt;eu.unifiedviews.helpers.dpu.extension.faulttolerance.FaultTolerance_-Configuration__V1&amp;gt;
    &amp;lt;enabled&amp;gt;true&amp;lt;/enabled&amp;gt;
    &amp;lt;exceptionNames class=&amp;quot;linked-list&amp;quot;/&amp;gt;
    &amp;lt;maxRetryCount&amp;gt;-1&amp;lt;/maxRetryCount&amp;gt;
  &amp;lt;/eu.unifiedviews.helpers.dpu.extension.faulttolerance.FaultTolerance_-Configuration__V1&amp;gt;
&amp;lt;/object-stream&amp;gt;&lt;/string&gt;
      &lt;/entry&gt;
      &lt;entry&gt;
        &lt;string&gt;dpu_config&lt;/string&gt;
        &lt;string&gt;&amp;lt;object-stream&amp;gt;
  &amp;lt;cz.cuni.mff.xrg.uv.transformer.xslt.XsltConfig__V2&amp;gt;
    &amp;lt;xsltTemplate&amp;gt;&amp;amp;lt;?xml version=&amp;amp;quot;1.0&amp;amp;quot; encoding=&amp;amp;quot;UTF-8&amp;amp;quot;?&amp;amp;gt;
&amp;amp;lt;!-- ===================================================================== --&amp;amp;gt;
&amp;amp;lt;!-- Stylesheet for transforming datasets compliant with INSPIRE           --&amp;amp;gt;
&amp;amp;lt;!-- &amp;amp;quot;Data Themes I : PROTECTED SITES&amp;amp;quot; from GML into RDF.                  --&amp;amp;gt;
&amp;amp;lt;!-- Returns: an RDF/XML file with geometries in GeoSPARQL WKT.            --&amp;amp;gt;
&amp;amp;lt;!-- Requires: GML2WKT.xsl, GeographicalNames.xsl                          --&amp;amp;gt;
&amp;amp;lt;!-- Project: GeoKnow, http://geoknow.eu                                   --&amp;amp;gt;
&amp;amp;lt;!-- Institute for the Management of Information Systems, Athena R.C.      --&amp;amp;gt;
&amp;amp;lt;!-- Author: Nikos Georgomanolis, ngeorgomanolis@imis.athena-innovation.gr --&amp;amp;gt;
&amp;amp;lt;!-- Revised by: Kostas Patroumpas, mailto:kpatro@dblab.ece.ntua.gr        --&amp;amp;gt;
&amp;amp;lt;!-- Version: 0.4                                                          --&amp;amp;gt;
&amp;amp;lt;!-- Last update: 24/3/2014                                                --&amp;amp;gt;
&amp;amp;lt;!-- ===================================================================== --&amp;amp;gt;
&amp;amp;lt;!DOCTYPE xsl:stylesheet [
  &amp;amp;lt;!ENTITY pspc &amp;amp;quot;http://www.w3.org/2015/03/inspire/ProtectionClassification#&amp;amp;quot;&amp;amp;gt;
	&amp;amp;lt;!ENTITY xsd  &amp;amp;quot;http://www.w3.org/2001/XMLSchema#&amp;amp;quot;&amp;amp;gt;
]&amp;amp;gt;
&amp;amp;lt;xsl:stylesheet version=&amp;amp;quot;2.0&amp;amp;quot; 
    xmlns:base=&amp;amp;quot;urn:x-inspire:specification:gmlas:BaseTypes:3.2&amp;amp;quot;
    xmlns:dcterms=&amp;amp;quot;http://purl.org/dc/terms/&amp;amp;quot;
    xmlns:f=&amp;amp;quot;http://data.comsode.eu/xslt/functions#&amp;amp;quot;
    xmlns:foaf=&amp;amp;quot;http://xmlns.com/foaf/0.1/&amp;amp;quot;
    xmlns:gco=&amp;amp;quot;http://www.isotc211.org/2005/gco&amp;amp;quot;
    xmlns:geo=&amp;amp;quot;http://www.opengis.net/ont/geosparql#&amp;amp;quot;
    xmlns:gmd=&amp;amp;quot;http://www.isotc211.org/2005/gmd&amp;amp;quot;
    xmlns:gml=&amp;amp;quot;http://www.opengis.net/gml/3.2&amp;amp;quot;
    xmlns:gn=&amp;amp;quot;urn:x-inspire:specification:gmlas:GeographicalNames:3.0&amp;amp;quot;
    xmlns:PS=&amp;amp;quot;urn:x-inspire:specification:gmlas:ProtectedSites:3.0&amp;amp;quot;
    xmlns:ps=&amp;amp;quot;http://www.w3.org/2015/03/inspire/ps#&amp;amp;quot;
    xmlns:rdf=&amp;amp;quot;http://www.w3.org/1999/02/22-rdf-syntax-ns#&amp;amp;quot;
    xmlns:rdfs=&amp;amp;quot;http://www.w3.org/2000/01/rdf-schema#&amp;amp;quot;
    xmlns:uuid=&amp;amp;quot;uuid-functions&amp;amp;quot;
    xmlns:wfs=&amp;amp;quot;http://www.opengis.net/wfs/2.0&amp;amp;quot;
    xmlns:xsd=&amp;amp;quot;http://www.w3.org/2001/XMLSchema&amp;amp;quot;
    xmlns:xsi=&amp;amp;quot;http://www.w3.org/2001/XMLSchema-instance&amp;amp;quot;
    xmlns:xsl=&amp;amp;quot;http://www.w3.org/1999/XSL/Transform&amp;amp;quot;
    exclude-result-prefixes=&amp;amp;quot;base f gco gmd gml gn PS uuid wfs xsd xsi&amp;amp;quot;&amp;amp;gt;
    
    &amp;amp;lt;!-- Parameters --&amp;amp;gt;
    
    &amp;amp;lt;xsl:param name=&amp;amp;quot;topic&amp;amp;quot;&amp;amp;gt;ProtectedSitesSK&amp;amp;lt;/xsl:param&amp;amp;gt;
    &amp;amp;lt;xsl:param name=&amp;amp;quot;baseUri&amp;amp;quot;&amp;amp;gt;http://data.sazp.sk/resource/&amp;amp;lt;/xsl:param&amp;amp;gt;
    
    &amp;amp;lt;!-- Functions --&amp;amp;gt;
    
    &amp;amp;lt;xsl:function name=&amp;amp;quot;f:dateTimeToDate&amp;amp;quot; as=&amp;amp;quot;xsd:date&amp;amp;quot;&amp;amp;gt;
        &amp;amp;lt;xsl:param name=&amp;amp;quot;dateTime&amp;amp;quot; as=&amp;amp;quot;xsd:string&amp;amp;quot;/&amp;amp;gt;
        &amp;amp;lt;xsl:choose&amp;amp;gt;
            &amp;amp;lt;xsl:when test=&amp;amp;quot;$dateTime castable as xsd:date&amp;amp;quot;&amp;amp;gt;
                &amp;amp;lt;xsl:value-of select=&amp;amp;quot;$dateTime cast as xsd:date&amp;amp;quot;/&amp;amp;gt;
            &amp;amp;lt;/xsl:when&amp;amp;gt;
            &amp;amp;lt;xsl:when test=&amp;amp;quot;$dateTime castable as xsd:dateTime&amp;amp;quot;&amp;amp;gt;
                &amp;amp;lt;xsl:value-of select=&amp;amp;quot;format-dateTime($dateTime cast as xsd:dateTime, &amp;amp;apos;[Y0001]-[M01]-[D01]&amp;amp;apos;)&amp;amp;quot;/&amp;amp;gt;
            &amp;amp;lt;/xsl:when&amp;amp;gt;
            &amp;amp;lt;xsl:otherwise&amp;amp;gt;
                &amp;amp;lt;xsl:value-of select=&amp;amp;quot;$dateTime&amp;amp;quot;/&amp;amp;gt;
            &amp;amp;lt;/xsl:otherwise&amp;amp;gt;
        &amp;amp;lt;/xsl:choose&amp;amp;gt;    
    &amp;amp;lt;/xsl:function&amp;amp;gt;
    
    &amp;amp;lt;xsl:function name=&amp;amp;quot;f:getCodelistConcept&amp;amp;quot; as=&amp;amp;quot;xsd:anyURI&amp;amp;quot;&amp;amp;gt;
        &amp;amp;lt;xsl:param name=&amp;amp;quot;element&amp;amp;quot; as=&amp;amp;quot;element()&amp;amp;quot;/&amp;amp;gt;
        &amp;amp;lt;xsl:value-of select=&amp;amp;quot;concat($element/@codeSpace, $element/text())&amp;amp;quot;/&amp;amp;gt;
    &amp;amp;lt;/xsl:function&amp;amp;gt;
    
    &amp;amp;lt;xsl:function name=&amp;amp;quot;f:getEpsg&amp;amp;quot; as=&amp;amp;quot;xsd:string&amp;amp;quot;&amp;amp;gt;
        &amp;amp;lt;xsl:param name=&amp;amp;quot;srsName&amp;amp;quot; as=&amp;amp;quot;xsd:string&amp;amp;quot;/&amp;amp;gt;
        &amp;amp;lt;xsl:if test=&amp;amp;quot;string-length($srsName) &amp;amp;gt; 0&amp;amp;quot;&amp;amp;gt;
            &amp;amp;lt;xsl:value-of select=&amp;amp;quot;concat(&amp;amp;apos;&amp;amp;amp;lt;&amp;amp;apos;, $epsg, tokenize($srsName, &amp;amp;apos;[:#]&amp;amp;apos;)[last()],&amp;amp;apos;&amp;amp;amp;gt; &amp;amp;apos;)&amp;amp;quot;/&amp;amp;gt;
        &amp;amp;lt;/xsl:if&amp;amp;gt;
    &amp;amp;lt;/xsl:function&amp;amp;gt;
    
    &amp;amp;lt;!-- Converts camelCase $text into kebab-case. --&amp;amp;gt;
    &amp;amp;lt;xsl:function name=&amp;amp;quot;f:kebabCase&amp;amp;quot; as=&amp;amp;quot;xsd:string&amp;amp;quot;&amp;amp;gt;
        &amp;amp;lt;xsl:param name=&amp;amp;quot;text&amp;amp;quot; as=&amp;amp;quot;xsd:string&amp;amp;quot;/&amp;amp;gt;
        &amp;amp;lt;xsl:value-of select=&amp;amp;quot;f:slugify(replace($text, &amp;amp;apos;(\p{Ll})(\p{Lu})&amp;amp;apos;, &amp;amp;apos;$1-$2&amp;amp;apos;))&amp;amp;quot;/&amp;amp;gt;
    &amp;amp;lt;/xsl:function&amp;amp;gt;
    
    &amp;amp;lt;!-- Converts $text into URI-safe slug. --&amp;amp;gt;
    &amp;amp;lt;xsl:function name=&amp;amp;quot;f:slugify&amp;amp;quot; as=&amp;amp;quot;xsd:anyURI&amp;amp;quot;&amp;amp;gt;
        &amp;amp;lt;xsl:param name=&amp;amp;quot;text&amp;amp;quot; as=&amp;amp;quot;xsd:string&amp;amp;quot;/&amp;amp;gt;
        &amp;amp;lt;xsl:value-of select=&amp;amp;quot;encode-for-uri(translate(replace(lower-case(normalize-unicode($text, &amp;amp;apos;NFKD&amp;amp;apos;)), &amp;amp;apos;\P{IsBasicLatin}&amp;amp;apos;, &amp;amp;apos;&amp;amp;apos;), &amp;amp;apos; &amp;amp;apos;, &amp;amp;apos;-&amp;amp;apos;))&amp;amp;quot; /&amp;amp;gt;
    &amp;amp;lt;/xsl:function&amp;amp;gt;
    
    &amp;amp;lt;!-- Trims whitespace --&amp;amp;gt;
    &amp;amp;lt;xsl:function name=&amp;amp;quot;f:trim&amp;amp;quot; as=&amp;amp;quot;xsd:string&amp;amp;quot;&amp;amp;gt;
        &amp;amp;lt;xsl:param name=&amp;amp;quot;text&amp;amp;quot; as=&amp;amp;quot;xsd:string&amp;amp;quot;/&amp;amp;gt;
        &amp;amp;lt;xsl:value-of select=&amp;amp;quot;translate(normalize-space($text), &amp;amp;apos; &amp;amp;apos;, &amp;amp;apos;&amp;amp;apos;)&amp;amp;quot;/&amp;amp;gt;
    &amp;amp;lt;/xsl:function&amp;amp;gt;
    
    &amp;amp;lt;!-- Global variables --&amp;amp;gt;
    
    &amp;amp;lt;xsl:variable name=&amp;amp;quot;typeWKT&amp;amp;quot;&amp;amp;gt;http://www.opengis.net/ont/sf#wktLiteral&amp;amp;lt;/xsl:variable&amp;amp;gt;
    &amp;amp;lt;xsl:variable name=&amp;amp;quot;languageMappings&amp;amp;quot;&amp;amp;gt;
        &amp;amp;lt;language inspireId=&amp;amp;quot;SLO&amp;amp;quot; languageTag=&amp;amp;quot;sk&amp;amp;quot;/&amp;amp;gt;
    &amp;amp;lt;/xsl:variable&amp;amp;gt;
    &amp;amp;lt;!-- Compose the base URI for georeference systems, according to EPSG catalogue --&amp;amp;gt; 
    &amp;amp;lt;xsl:variable name=&amp;amp;apos;epsg&amp;amp;apos;&amp;amp;gt;http://www.opengis.net/def/crs/EPSG/0/&amp;amp;lt;/xsl:variable&amp;amp;gt;
    
    &amp;amp;lt;!-- Output --&amp;amp;gt;
    
    &amp;amp;lt;xsl:output encoding=&amp;amp;quot;UTF-8&amp;amp;quot; indent=&amp;amp;quot;yes&amp;amp;quot; method=&amp;amp;quot;xml&amp;amp;quot; normalization-form=&amp;amp;quot;NFC&amp;amp;quot; /&amp;amp;gt;
    &amp;amp;lt;xsl:strip-space elements=&amp;amp;quot;*&amp;amp;quot;/&amp;amp;gt;
    
    &amp;amp;lt;!-- Templates --&amp;amp;gt;
    
    &amp;amp;lt;xsl:template match=&amp;amp;quot;wfs:FeatureCollection&amp;amp;quot;&amp;amp;gt;
        &amp;amp;lt;rdf:RDF&amp;amp;gt;
            &amp;amp;lt;xsl:apply-templates select=&amp;amp;quot;wfs:member/*&amp;amp;quot;&amp;amp;gt;
                &amp;amp;lt;xsl:with-param name=&amp;amp;quot;ns&amp;amp;quot; select=&amp;amp;quot;concat($baseUri, f:kebabCase($topic), &amp;amp;apos;/&amp;amp;apos;)&amp;amp;quot; tunnel=&amp;amp;quot;yes&amp;amp;quot;/&amp;amp;gt;
            &amp;amp;lt;/xsl:apply-templates&amp;amp;gt;
        &amp;amp;lt;/rdf:RDF&amp;amp;gt;
    &amp;amp;lt;/xsl:template&amp;amp;gt;
    
    &amp;amp;lt;xsl:template match=&amp;amp;quot;PS:ProtectedSite&amp;amp;quot;&amp;amp;gt;
        &amp;amp;lt;xsl:param name=&amp;amp;quot;ns&amp;amp;quot; tunnel=&amp;amp;quot;yes&amp;amp;quot;/&amp;amp;gt;
        &amp;amp;lt;xsl:variable name=&amp;amp;quot;id&amp;amp;quot; select=&amp;amp;quot;f:trim(PS:inspireID/base:Identifier/base:localId/text())&amp;amp;quot; /&amp;amp;gt;
        &amp;amp;lt;ps:ProtectedSite rdf:about=&amp;amp;quot;{concat($ns, &amp;amp;apos;so/&amp;amp;apos;, f:kebabCase(local-name(.)), &amp;amp;apos;/&amp;amp;apos;, $id)}&amp;amp;quot;&amp;amp;gt;
            &amp;amp;lt;xsl:apply-templates&amp;amp;gt;
                &amp;amp;lt;xsl:with-param name=&amp;amp;quot;id&amp;amp;quot; select=&amp;amp;quot;$id&amp;amp;quot; tunnel=&amp;amp;quot;yes&amp;amp;quot;/&amp;amp;gt;
                &amp;amp;lt;xsl:with-param name=&amp;amp;quot;ns&amp;amp;quot; select=&amp;amp;quot;$ns&amp;amp;quot; tunnel=&amp;amp;quot;yes&amp;amp;quot;/&amp;amp;gt;
            &amp;amp;lt;/xsl:apply-templates&amp;amp;gt;
        &amp;amp;lt;/ps:ProtectedSite&amp;amp;gt;	
    &amp;amp;lt;/xsl:template&amp;amp;gt;
    
    &amp;amp;lt;xsl:template match=&amp;amp;quot;PS:legalFoundationDocument[not(@xsi:nil)]&amp;amp;quot;&amp;amp;gt;
        &amp;amp;lt;xsl:param name=&amp;amp;quot;id&amp;amp;quot; tunnel=&amp;amp;quot;yes&amp;amp;quot;/&amp;amp;gt;
        &amp;amp;lt;xsl:param name=&amp;amp;quot;ns&amp;amp;quot; tunnel=&amp;amp;quot;yes&amp;amp;quot;/&amp;amp;gt;
        &amp;amp;lt;ps:legalFoundationDocument&amp;amp;gt;
            &amp;amp;lt;foaf:Document rdf:about=&amp;amp;quot;{concat($ns, &amp;amp;apos;document/&amp;amp;apos;, uuid:randomUUID())}&amp;amp;quot;&amp;amp;gt;
                &amp;amp;lt;xsl:apply-templates/&amp;amp;gt;
            &amp;amp;lt;/foaf:Document&amp;amp;gt;
        &amp;amp;lt;/ps:legalFoundationDocument&amp;amp;gt;
    &amp;amp;lt;/xsl:template&amp;amp;gt;
    
    &amp;amp;lt;xsl:template match=&amp;amp;quot;gmd:CI_Citation/gmd:title/gco:CharacterString&amp;amp;quot;&amp;amp;gt;
        &amp;amp;lt;dcterms:bibliographicCitation&amp;amp;gt;&amp;amp;lt;xsl:value-of select=&amp;amp;quot;.&amp;amp;quot;/&amp;amp;gt;&amp;amp;lt;/dcterms:bibliographicCitation&amp;amp;gt;
    &amp;amp;lt;/xsl:template&amp;amp;gt;
    
    &amp;amp;lt;xsl:template match=&amp;amp;quot;PS:legalFoundationDate[not(@xsi:nil)]&amp;amp;quot;&amp;amp;gt;
        &amp;amp;lt;ps:legalFoundationDate rdf:datatype=&amp;amp;quot;&amp;amp;amp;xsd;date&amp;amp;quot;&amp;amp;gt;
            &amp;amp;lt;xsl:value-of select=&amp;amp;quot;f:dateTimeToDate(text())&amp;amp;quot;/&amp;amp;gt;
        &amp;amp;lt;/ps:legalFoundationDate&amp;amp;gt;
    &amp;amp;lt;/xsl:template&amp;amp;gt;
    
    &amp;amp;lt;xsl:template match=&amp;amp;quot;PS:geometry&amp;amp;quot;&amp;amp;gt;
        &amp;amp;lt;xsl:param name=&amp;amp;quot;id&amp;amp;quot; tunnel=&amp;amp;quot;yes&amp;amp;quot;/&amp;amp;gt;
        &amp;amp;lt;xsl:param name=&amp;amp;quot;ns&amp;amp;quot; tunnel=&amp;amp;quot;yes&amp;amp;quot;/&amp;amp;gt;
        &amp;amp;lt;geo:hasGeometry&amp;amp;gt;
            &amp;amp;lt;geo:Geometry rdf:about=&amp;amp;quot;{concat($ns, &amp;amp;apos;geometry/&amp;amp;apos;, $id)}&amp;amp;quot;&amp;amp;gt;
                &amp;amp;lt;geo:asWKT rdf:datatype=&amp;amp;quot;{$typeWKT}&amp;amp;quot;&amp;amp;gt;
                    &amp;amp;lt;xsl:apply-templates/&amp;amp;gt;
                &amp;amp;lt;/geo:asWKT&amp;amp;gt;	
            &amp;amp;lt;/geo:Geometry&amp;amp;gt;
        &amp;amp;lt;/geo:hasGeometry&amp;amp;gt;
    &amp;amp;lt;/xsl:template&amp;amp;gt;
    
    &amp;amp;lt;xsl:template match=&amp;amp;quot;PS:siteName/gn:GeographicalName&amp;amp;quot;&amp;amp;gt;
        &amp;amp;lt;xsl:apply-templates&amp;amp;gt;
            &amp;amp;lt;xsl:with-param name=&amp;amp;quot;lang&amp;amp;quot; select=&amp;amp;quot;$languageMappings/language[@inspireId = current()/gn:language/text()]/@languageTag&amp;amp;quot; tunnel=&amp;amp;quot;yes&amp;amp;quot;/&amp;amp;gt;
        &amp;amp;lt;/xsl:apply-templates&amp;amp;gt;
    &amp;amp;lt;/xsl:template&amp;amp;gt;
    
    &amp;amp;lt;xsl:template match=&amp;amp;quot;gn:spelling/gn:SpellingOfName/gn:text&amp;amp;quot;&amp;amp;gt;
        &amp;amp;lt;xsl:param name=&amp;amp;quot;lang&amp;amp;quot; tunnel=&amp;amp;quot;yes&amp;amp;quot;/&amp;amp;gt;
        &amp;amp;lt;rdfs:label xml:lang=&amp;amp;quot;{$lang}&amp;amp;quot;&amp;amp;gt;&amp;amp;lt;xsl:value-of select=&amp;amp;quot;.&amp;amp;quot;/&amp;amp;gt;&amp;amp;lt;/rdfs:label&amp;amp;gt;
    &amp;amp;lt;/xsl:template&amp;amp;gt;
    
    &amp;amp;lt;xsl:template match=&amp;amp;quot;PS:siteProtectionClassification[not(@xsi:nil)]&amp;amp;quot;&amp;amp;gt;
        &amp;amp;lt;ps:siteProtectionClassification rdf:resource=&amp;amp;quot;&amp;amp;amp;pspc;{text()}&amp;amp;quot;/&amp;amp;gt;
    &amp;amp;lt;/xsl:template&amp;amp;gt;
    
    &amp;amp;lt;xsl:template match=&amp;amp;quot;PS:siteDesignation/PS:DesignationType&amp;amp;quot;&amp;amp;gt;
        &amp;amp;lt;xsl:apply-templates/&amp;amp;gt;
    &amp;amp;lt;/xsl:template&amp;amp;gt;
    
    &amp;amp;lt;xsl:template match=&amp;amp;quot;PS:designation[not(@xsi:nil)]&amp;amp;quot;&amp;amp;gt;
        &amp;amp;lt;ps:siteDesignation rdf:resource=&amp;amp;quot;{f:getCodelistConcept(.)}&amp;amp;quot;/&amp;amp;gt;
    &amp;amp;lt;/xsl:template&amp;amp;gt;
    
    &amp;amp;lt;!-- GML2WKT --&amp;amp;gt;
    
    &amp;amp;lt;!-- Use metadata with extreme corners of the bounding box for the dataset and construct a polygon equivalent to this rectangle. --&amp;amp;gt;
    &amp;amp;lt;xsl:template match=&amp;amp;quot;gml:boundedBy&amp;amp;quot;&amp;amp;gt;
        &amp;amp;lt;xsl:apply-templates /&amp;amp;gt;     		&amp;amp;lt;!-- May involve either a gml:Box (older specification) or a gml:Envelope (latest OGC standard) --&amp;amp;gt;
    &amp;amp;lt;/xsl:template&amp;amp;gt;
    
    &amp;amp;lt;xsl:template match=&amp;amp;quot;gml:Box&amp;amp;quot;&amp;amp;gt;
        &amp;amp;lt;xsl:param name=&amp;amp;quot;separator&amp;amp;quot;&amp;amp;gt; &amp;amp;lt;/xsl:param&amp;amp;gt;
        &amp;amp;lt;xsl:call-template name=&amp;amp;quot;gml:srsName&amp;amp;quot;/&amp;amp;gt;
        &amp;amp;lt;xsl:variable name=&amp;amp;quot;coords&amp;amp;quot; select=&amp;amp;quot;tokenize(replace(replace(gml:coordinates,&amp;amp;apos;\s+$&amp;amp;apos;,&amp;amp;apos;&amp;amp;apos;),&amp;amp;apos;^\s+&amp;amp;apos;,&amp;amp;apos;&amp;amp;apos;), &amp;amp;apos;[,\s\n\r]+&amp;amp;apos;)&amp;amp;quot; /&amp;amp;gt;
        &amp;amp;lt;xsl:variable name=&amp;amp;quot;MINX&amp;amp;quot; select=&amp;amp;quot;$coords[1]&amp;amp;quot;/&amp;amp;gt;
        &amp;amp;lt;xsl:variable name=&amp;amp;quot;MINY&amp;amp;quot; select=&amp;amp;quot;$coords[2]&amp;amp;quot;/&amp;amp;gt;
        &amp;amp;lt;xsl:variable name=&amp;amp;quot;MAXX&amp;amp;quot; select=&amp;amp;quot;$coords[3]&amp;amp;quot;/&amp;amp;gt;
        &amp;amp;lt;xsl:variable name=&amp;amp;quot;MAXY&amp;amp;quot; select=&amp;amp;quot;$coords[4]&amp;amp;quot;/&amp;amp;gt;
        &amp;amp;lt;xsl:value-of select=&amp;amp;quot;concat(&amp;amp;apos;POLYGON((&amp;amp;apos;, $MINX, &amp;amp;apos; &amp;amp;apos;, $MINY, &amp;amp;apos;, &amp;amp;apos;, $MAXX, &amp;amp;apos; &amp;amp;apos;, $MINY, &amp;amp;apos;, &amp;amp;apos;, $MAXX, &amp;amp;apos; &amp;amp;apos;, $MAXY, &amp;amp;apos;, &amp;amp;apos;, $MINX, &amp;amp;apos; &amp;amp;apos;, $MAXY, &amp;amp;apos;, &amp;amp;apos;, $MINX, &amp;amp;apos; &amp;amp;apos;, $MINY, &amp;amp;apos;))&amp;amp;apos;)&amp;amp;quot;/&amp;amp;gt;
    &amp;amp;lt;/xsl:template&amp;amp;gt;
    
    &amp;amp;lt;xsl:template match=&amp;amp;quot;gml:Envelope&amp;amp;quot;&amp;amp;gt;
        &amp;amp;lt;xsl:param name=&amp;amp;quot;separator&amp;amp;quot;&amp;amp;gt; &amp;amp;lt;/xsl:param&amp;amp;gt;
        &amp;amp;lt;xsl:call-template name=&amp;amp;quot;gml:srsName&amp;amp;quot;/&amp;amp;gt;
        &amp;amp;lt;xsl:variable name=&amp;amp;quot;MINX&amp;amp;quot; select=&amp;amp;quot;normalize-space(substring-before(gml:lowerCorner, $separator))&amp;amp;quot;/&amp;amp;gt;
        &amp;amp;lt;xsl:variable name=&amp;amp;quot;MINY&amp;amp;quot; select=&amp;amp;quot;normalize-space(substring-after(gml:lowerCorner, $separator))&amp;amp;quot;/&amp;amp;gt;
        &amp;amp;lt;xsl:variable name=&amp;amp;quot;MAXX&amp;amp;quot; select=&amp;amp;quot;normalize-space(substring-before(gml:upperCorner, $separator))&amp;amp;quot;/&amp;amp;gt;
        &amp;amp;lt;xsl:variable name=&amp;amp;quot;MAXY&amp;amp;quot; select=&amp;amp;quot;normalize-space(substring-after(gml:upperCorner, $separator))&amp;amp;quot;/&amp;amp;gt;
        &amp;amp;lt;xsl:value-of select=&amp;amp;quot;concat(&amp;amp;apos;POLYGON((&amp;amp;apos;, $MINX, &amp;amp;apos; &amp;amp;apos;, $MINY, &amp;amp;apos;, &amp;amp;apos;, $MAXX, &amp;amp;apos; &amp;amp;apos;, $MINY, &amp;amp;apos;, &amp;amp;apos;, $MAXX, &amp;amp;apos; &amp;amp;apos;, $MAXY, &amp;amp;apos;, &amp;amp;apos;, $MINX, &amp;amp;apos; &amp;amp;apos;, $MAXY, &amp;amp;apos;, &amp;amp;apos;, $MINX, &amp;amp;apos; &amp;amp;apos;, $MINY, &amp;amp;apos;))&amp;amp;apos;)&amp;amp;quot;/&amp;amp;gt;
    &amp;amp;lt;/xsl:template&amp;amp;gt;
    
    &amp;amp;lt;xsl:template match=&amp;amp;quot;gml:Point&amp;amp;quot;&amp;amp;gt;
        &amp;amp;lt;xsl:call-template name=&amp;amp;quot;gml:srsName&amp;amp;quot;/&amp;amp;gt;
        &amp;amp;lt;xsl:text&amp;amp;gt;POINT&amp;amp;lt;/xsl:text&amp;amp;gt;
        &amp;amp;lt;xsl:call-template name=&amp;amp;quot;gml:posList&amp;amp;quot;/&amp;amp;gt;
    &amp;amp;lt;/xsl:template&amp;amp;gt;
    
    &amp;amp;lt;xsl:template match=&amp;amp;quot;gml:LineString&amp;amp;quot;&amp;amp;gt;
        &amp;amp;lt;xsl:call-template name=&amp;amp;quot;gml:srsName&amp;amp;quot;/&amp;amp;gt;
        &amp;amp;lt;xsl:text&amp;amp;gt;LINESTRING&amp;amp;lt;/xsl:text&amp;amp;gt;
        &amp;amp;lt;xsl:call-template name=&amp;amp;quot;gml:posList&amp;amp;quot;/&amp;amp;gt;
    &amp;amp;lt;/xsl:template&amp;amp;gt;
    
    &amp;amp;lt;xsl:template match=&amp;amp;quot;gml:Polygon&amp;amp;quot;&amp;amp;gt;
        &amp;amp;lt;xsl:call-template name=&amp;amp;quot;gml:srsName&amp;amp;quot;/&amp;amp;gt;
        &amp;amp;lt;xsl:text&amp;amp;gt;POLYGON(&amp;amp;lt;/xsl:text&amp;amp;gt;
        &amp;amp;lt;xsl:apply-templates select=&amp;amp;quot;gml:exterior|gml:outerBoundaryIs&amp;amp;quot;/&amp;amp;gt;
        &amp;amp;lt;xsl:apply-templates select=&amp;amp;quot;gml:interior|gml:innerBoundaryIs&amp;amp;quot;/&amp;amp;gt;
        &amp;amp;lt;xsl:text&amp;amp;gt;)&amp;amp;lt;/xsl:text&amp;amp;gt;
    &amp;amp;lt;/xsl:template&amp;amp;gt;
    
    &amp;amp;lt;xsl:template match=&amp;amp;quot;gml:MultiPoint&amp;amp;quot;&amp;amp;gt;
        &amp;amp;lt;xsl:call-template name=&amp;amp;quot;gml:srsName&amp;amp;quot;/&amp;amp;gt;
        &amp;amp;lt;xsl:text&amp;amp;gt;MULTIPOINT(&amp;amp;lt;/xsl:text&amp;amp;gt;
        &amp;amp;lt;xsl:for-each select=&amp;amp;quot;gml:pointMember//gml:Point|gml:pointMembers//gml:Point&amp;amp;quot;&amp;amp;gt;
            &amp;amp;lt;xsl:apply-templates /&amp;amp;gt;
            &amp;amp;lt;xsl:if test=&amp;amp;quot;position() != last()&amp;amp;quot;&amp;amp;gt;,&amp;amp;lt;/xsl:if&amp;amp;gt;
        &amp;amp;lt;/xsl:for-each&amp;amp;gt;
        &amp;amp;lt;xsl:text&amp;amp;gt;)&amp;amp;lt;/xsl:text&amp;amp;gt;
    &amp;amp;lt;/xsl:template&amp;amp;gt;
    
    &amp;amp;lt;xsl:template match=&amp;amp;quot;gml:MultiLineString&amp;amp;quot;&amp;amp;gt;
        &amp;amp;lt;xsl:call-template name=&amp;amp;quot;gml:srsName&amp;amp;quot;/&amp;amp;gt;
        &amp;amp;lt;xsl:text&amp;amp;gt;MULTILINESTRING(&amp;amp;lt;/xsl:text&amp;amp;gt;
        &amp;amp;lt;xsl:for-each select=&amp;amp;quot;gml:lineStringMember&amp;amp;quot;&amp;amp;gt;
            &amp;amp;lt;xsl:call-template name=&amp;amp;quot;gml:lineStringMember&amp;amp;quot;/&amp;amp;gt;
            &amp;amp;lt;xsl:if test=&amp;amp;quot;position() != last()&amp;amp;quot;&amp;amp;gt;,&amp;amp;lt;/xsl:if&amp;amp;gt;
        &amp;amp;lt;/xsl:for-each&amp;amp;gt;
        &amp;amp;lt;xsl:text&amp;amp;gt;)&amp;amp;lt;/xsl:text&amp;amp;gt;
    &amp;amp;lt;/xsl:template&amp;amp;gt;
    
    &amp;amp;lt;xsl:template match=&amp;amp;quot;gml:Curve&amp;amp;quot;&amp;amp;gt;
        &amp;amp;lt;xsl:call-template name=&amp;amp;quot;gml:srsName&amp;amp;quot;/&amp;amp;gt;
        &amp;amp;lt;xsl:for-each select=&amp;amp;quot;gml:segments//gml:LineStringSegment&amp;amp;quot;&amp;amp;gt;
            &amp;amp;lt;xsl:choose&amp;amp;gt;
                &amp;amp;lt;xsl:when test=&amp;amp;quot;not(position()=1)&amp;amp;quot;&amp;amp;gt;
                    &amp;amp;lt;xsl:text&amp;amp;gt;,&amp;amp;lt;/xsl:text&amp;amp;gt;
                &amp;amp;lt;/xsl:when&amp;amp;gt;
                &amp;amp;lt;xsl:otherwise&amp;amp;gt;
                    &amp;amp;lt;xsl:text&amp;amp;gt;MULTILINESTRING(&amp;amp;lt;/xsl:text&amp;amp;gt;
                &amp;amp;lt;/xsl:otherwise&amp;amp;gt;
            &amp;amp;lt;/xsl:choose&amp;amp;gt;
            &amp;amp;lt;xsl:apply-templates /&amp;amp;gt;
        &amp;amp;lt;/xsl:for-each&amp;amp;gt;
        &amp;amp;lt;xsl:text&amp;amp;gt;)&amp;amp;lt;/xsl:text&amp;amp;gt;
    &amp;amp;lt;/xsl:template&amp;amp;gt;
    
    &amp;amp;lt;!-- CAUTION: Call to template for &amp;amp;quot;gml:srsName&amp;amp;quot; must be placed in one of the two possible places: either (a) or (b) --&amp;amp;gt;
    &amp;amp;lt;xsl:template match=&amp;amp;quot;gml:MultiPolygon&amp;amp;quot;&amp;amp;gt;
        &amp;amp;lt;xsl:call-template name=&amp;amp;quot;gml:srsName&amp;amp;quot;/&amp;amp;gt;                         &amp;amp;lt;!-- (a) SRS is specified in the MultiPolygon element --&amp;amp;gt;
        &amp;amp;lt;xsl:for-each select=&amp;amp;quot;gml:polygonMember//gml:Polygon&amp;amp;quot;&amp;amp;gt;
            &amp;amp;lt;xsl:choose&amp;amp;gt;
                &amp;amp;lt;xsl:when test=&amp;amp;quot;not(position()=1)&amp;amp;quot;&amp;amp;gt;
                    &amp;amp;lt;xsl:text&amp;amp;gt;,&amp;amp;lt;/xsl:text&amp;amp;gt;
                &amp;amp;lt;/xsl:when&amp;amp;gt;
                &amp;amp;lt;xsl:otherwise&amp;amp;gt;
                    &amp;amp;lt;xsl:call-template name=&amp;amp;quot;gml:srsName&amp;amp;quot;/&amp;amp;gt;             &amp;amp;lt;!-- (b) SRS is specified for each member Polygon element --&amp;amp;gt;
                    &amp;amp;lt;xsl:text&amp;amp;gt;MULTIPOLYGON(&amp;amp;lt;/xsl:text&amp;amp;gt;
                &amp;amp;lt;/xsl:otherwise&amp;amp;gt;
            &amp;amp;lt;/xsl:choose&amp;amp;gt;
            &amp;amp;lt;xsl:text&amp;amp;gt;(&amp;amp;lt;/xsl:text&amp;amp;gt;
            &amp;amp;lt;xsl:apply-templates select=&amp;amp;quot;gml:exterior|gml:outerBoundaryIs&amp;amp;quot;/&amp;amp;gt;
            &amp;amp;lt;xsl:apply-templates select=&amp;amp;quot;gml:interior|gml:innerBoundaryIs&amp;amp;quot;/&amp;amp;gt;
            &amp;amp;lt;xsl:text&amp;amp;gt;)&amp;amp;lt;/xsl:text&amp;amp;gt;
        &amp;amp;lt;/xsl:for-each&amp;amp;gt;
        &amp;amp;lt;xsl:text&amp;amp;gt;)&amp;amp;lt;/xsl:text&amp;amp;gt;
    &amp;amp;lt;/xsl:template&amp;amp;gt;
    
    &amp;amp;lt;xsl:template match=&amp;amp;quot;gml:MultiSurface&amp;amp;quot;&amp;amp;gt;
        &amp;amp;lt;xsl:variable name=&amp;amp;quot;srsName&amp;amp;quot; select=&amp;amp;quot;@srsName&amp;amp;quot;/&amp;amp;gt;
        &amp;amp;lt;xsl:for-each select=&amp;amp;quot;gml:surfaceMember//gml:Surface | gml:surfaceMember/gml:Polygon&amp;amp;quot;&amp;amp;gt;
            &amp;amp;lt;xsl:choose&amp;amp;gt;
                &amp;amp;lt;xsl:when test=&amp;amp;quot;not(position() = 1)&amp;amp;quot;&amp;amp;gt;
                    &amp;amp;lt;xsl:text&amp;amp;gt;,&amp;amp;lt;/xsl:text&amp;amp;gt;
                &amp;amp;lt;/xsl:when&amp;amp;gt;
                &amp;amp;lt;xsl:otherwise&amp;amp;gt;
                    &amp;amp;lt;xsl:value-of select=&amp;amp;quot;f:getEpsg($srsName)&amp;amp;quot;/&amp;amp;gt; &amp;amp;lt;!-- Workaround in order to print the SRS before the WKT geometry --&amp;amp;gt;
                    &amp;amp;lt;xsl:text&amp;amp;gt;MULTIPOLYGON(&amp;amp;lt;/xsl:text&amp;amp;gt;
                &amp;amp;lt;/xsl:otherwise&amp;amp;gt;
            &amp;amp;lt;/xsl:choose&amp;amp;gt;
            &amp;amp;lt;xsl:text&amp;amp;gt;(&amp;amp;lt;/xsl:text&amp;amp;gt;
            &amp;amp;lt;xsl:apply-templates /&amp;amp;gt;
            &amp;amp;lt;xsl:text&amp;amp;gt;)&amp;amp;lt;/xsl:text&amp;amp;gt;
        &amp;amp;lt;/xsl:for-each&amp;amp;gt;
        &amp;amp;lt;xsl:text&amp;amp;gt;)&amp;amp;lt;/xsl:text&amp;amp;gt;
    &amp;amp;lt;/xsl:template&amp;amp;gt;
    
    &amp;amp;lt;!-- FIXME: In case that each geometryMember also defines an srsName, this is also emitted before the respective WKT geometry.  --&amp;amp;gt;
    &amp;amp;lt;!-- The final WKT will contain multiple srsNames, one per geometryMember; this is not conforming with GeoSPARQL specification. --&amp;amp;gt;
    &amp;amp;lt;!-- However, this case does arise for GML geometries generated from INSPIRE datasets with the HUMBOLDT Alignment Editor (HALE). --&amp;amp;gt;
    &amp;amp;lt;xsl:template match=&amp;amp;quot;gml:MultiGeometry|gml:GeometryCollection&amp;amp;quot;&amp;amp;gt;
        &amp;amp;lt;xsl:call-template name=&amp;amp;quot;gml:srsName&amp;amp;quot;/&amp;amp;gt;
        &amp;amp;lt;xsl:text&amp;amp;gt;GEOMETRYCOLLECTION(&amp;amp;lt;/xsl:text&amp;amp;gt;
        &amp;amp;lt;xsl:for-each select=&amp;amp;quot;gml:geometryMember&amp;amp;quot;&amp;amp;gt;
            &amp;amp;lt;xsl:if test=&amp;amp;quot;not(position()=1)&amp;amp;quot;&amp;amp;gt;
                &amp;amp;lt;xsl:text&amp;amp;gt;,&amp;amp;lt;/xsl:text&amp;amp;gt;
            &amp;amp;lt;/xsl:if&amp;amp;gt;
            &amp;amp;lt;xsl:apply-templates select=&amp;amp;quot;*[not(local-name()=&amp;amp;apos;gml:srsName&amp;amp;apos;)]&amp;amp;quot; /&amp;amp;gt;
        &amp;amp;lt;/xsl:for-each&amp;amp;gt;
        &amp;amp;lt;xsl:text&amp;amp;gt;)&amp;amp;lt;/xsl:text&amp;amp;gt;
    &amp;amp;lt;/xsl:template&amp;amp;gt;
    
    &amp;amp;lt;xsl:template match=&amp;amp;quot;gml:pointMember&amp;amp;quot;&amp;amp;gt;
        &amp;amp;lt;xsl:apply-templates select=&amp;amp;quot;gml:Point&amp;amp;quot;/&amp;amp;gt;
    &amp;amp;lt;/xsl:template&amp;amp;gt;
    
    &amp;amp;lt;xsl:template name=&amp;amp;quot;gml:lineStringMember&amp;amp;quot;&amp;amp;gt;
        &amp;amp;lt;xsl:call-template name=&amp;amp;quot;gml:posList&amp;amp;quot;/&amp;amp;gt;
    &amp;amp;lt;/xsl:template&amp;amp;gt;
    
    &amp;amp;lt;xsl:template match=&amp;amp;quot;gml:LineStringSegment&amp;amp;quot;&amp;amp;gt;
        &amp;amp;lt;xsl:apply-templates select=&amp;amp;quot;gml:posList&amp;amp;quot;/&amp;amp;gt;
    &amp;amp;lt;/xsl:template&amp;amp;gt;
    
    &amp;amp;lt;!-- FIXME: Workaround in order to avoid an extra pair of parentheses in multi-surfaces with patches. --&amp;amp;gt;
    &amp;amp;lt;xsl:template match=&amp;amp;quot;gml:polygonMember|gml:patches//gml:PolygonPatch&amp;amp;quot;&amp;amp;gt;
        &amp;amp;lt;!-- xsl:if test=&amp;amp;quot;not(position()=1)&amp;amp;quot;&amp;amp;gt;&amp;amp;lt;xsl:text&amp;amp;gt;,&amp;amp;lt;/xsl:text&amp;amp;gt;&amp;amp;lt;/xsl:if --&amp;amp;gt;
        &amp;amp;lt;!-- xsl:text&amp;amp;gt;(&amp;amp;lt;/xsl:text --&amp;amp;gt;
        &amp;amp;lt;xsl:apply-templates select=&amp;amp;quot;gml:exterior|gml:outerBoundaryIs&amp;amp;quot;/&amp;amp;gt;
        &amp;amp;lt;xsl:apply-templates select=&amp;amp;quot;gml:interior|gml:innerBoundaryIs&amp;amp;quot;/&amp;amp;gt;
        &amp;amp;lt;!-- xsl:text&amp;amp;gt;)&amp;amp;lt;/xsl:text --&amp;amp;gt;
    &amp;amp;lt;/xsl:template&amp;amp;gt;
    
    &amp;amp;lt;xsl:template match=&amp;amp;quot;gml:exterior|gml:outerBoundaryIs&amp;amp;quot;&amp;amp;gt;
        &amp;amp;lt;xsl:apply-templates select=&amp;amp;quot;gml:LinearRing&amp;amp;quot;/&amp;amp;gt;
    &amp;amp;lt;/xsl:template&amp;amp;gt;
    
    &amp;amp;lt;xsl:template match=&amp;amp;quot;gml:interior|gml:innerBoundaryIs&amp;amp;quot;&amp;amp;gt;
        &amp;amp;lt;xsl:text&amp;amp;gt;,&amp;amp;lt;/xsl:text&amp;amp;gt;
        &amp;amp;lt;xsl:apply-templates select=&amp;amp;quot;gml:LinearRing&amp;amp;quot;/&amp;amp;gt;
    &amp;amp;lt;/xsl:template&amp;amp;gt;
    
    &amp;amp;lt;xsl:template match=&amp;amp;quot;gml:LinearRing&amp;amp;quot;&amp;amp;gt;
        &amp;amp;lt;xsl:apply-templates/&amp;amp;gt;
    &amp;amp;lt;/xsl:template&amp;amp;gt;
    
    &amp;amp;lt;xsl:template match=&amp;amp;quot;gml:pos&amp;amp;quot;&amp;amp;gt;
        &amp;amp;lt;xsl:call-template name=&amp;amp;quot;gml:posList&amp;amp;quot;/&amp;amp;gt;
    &amp;amp;lt;/xsl:template&amp;amp;gt;
    
    &amp;amp;lt;xsl:template match=&amp;amp;quot;gml:coordinates&amp;amp;quot;&amp;amp;gt;
        &amp;amp;lt;xsl:call-template name=&amp;amp;quot;gml:posList&amp;amp;quot;/&amp;amp;gt;
    &amp;amp;lt;/xsl:template&amp;amp;gt;
    
    &amp;amp;lt;!-- Allowing two possible expressions for lists of GML coordinates; the latter allows attributes in the list. --&amp;amp;gt;
    &amp;amp;lt;xsl:template name=&amp;amp;quot;gml:posList&amp;amp;quot;&amp;amp;gt;
        &amp;amp;lt;xsl:call-template name=&amp;amp;quot;gml:processPosList&amp;amp;quot;/&amp;amp;gt;
    &amp;amp;lt;/xsl:template&amp;amp;gt;
    
    &amp;amp;lt;xsl:template match=&amp;amp;quot;gml:posList&amp;amp;quot;&amp;amp;gt;
        &amp;amp;lt;xsl:call-template name=&amp;amp;quot;gml:processPosList&amp;amp;quot;/&amp;amp;gt;
    &amp;amp;lt;/xsl:template&amp;amp;gt;
    
    &amp;amp;lt;!-- Converting list of GML coordinates into WKT coordinates, by exchanging commas and space characters --&amp;amp;gt;
    &amp;amp;lt;xsl:template name=&amp;amp;quot;gml:processPosList&amp;amp;quot;&amp;amp;gt;
        &amp;amp;lt;xsl:text&amp;amp;gt;(&amp;amp;lt;/xsl:text&amp;amp;gt;
        &amp;amp;lt;xsl:for-each select=&amp;amp;quot;tokenize(replace(replace(text(), &amp;amp;apos;\s+$&amp;amp;apos;, &amp;amp;apos;&amp;amp;apos;), &amp;amp;apos;^\s+&amp;amp;apos;, &amp;amp;apos;&amp;amp;apos;), &amp;amp;apos;[,\s\n\r]+&amp;amp;apos;)&amp;amp;quot;&amp;amp;gt;
            &amp;amp;lt;xsl:value-of select=&amp;amp;quot;concat(., if (position() = last()) then &amp;amp;apos;&amp;amp;apos; else if ((position() mod 2) = 0) then &amp;amp;apos;, &amp;amp;apos; else &amp;amp;apos; &amp;amp;apos;)&amp;amp;quot; /&amp;amp;gt;
        &amp;amp;lt;/xsl:for-each&amp;amp;gt;
        &amp;amp;lt;xsl:text&amp;amp;gt;)&amp;amp;lt;/xsl:text&amp;amp;gt;
    &amp;amp;lt;/xsl:template&amp;amp;gt;
    
    &amp;amp;lt;!-- ASSUMPTION: Spatial reference system SRS must be declared according to the EPSG catalogue. --&amp;amp;gt;
    &amp;amp;lt;xsl:template name=&amp;amp;quot;gml:srsName&amp;amp;quot;&amp;amp;gt;
        &amp;amp;lt;xsl:value-of select=&amp;amp;quot;f:getEpsg(@srsName)&amp;amp;quot;/&amp;amp;gt;
    &amp;amp;lt;/xsl:template&amp;amp;gt;
    
    &amp;amp;lt;!-- Catch-all empty template --&amp;amp;gt;
    &amp;amp;lt;xsl:template match=&amp;amp;quot;text()|@*&amp;amp;quot; mode=&amp;amp;quot;#all&amp;amp;quot;/&amp;amp;gt;
&amp;amp;lt;/xsl:stylesheet&amp;amp;gt;&amp;lt;/xsltTemplate&amp;gt;
    &amp;lt;xsltTemplateName&amp;gt;Empty&amp;lt;/xsltTemplateName&amp;gt;
    &amp;lt;failOnError&amp;gt;true&amp;lt;/failOnError&amp;gt;
    &amp;lt;outputFileExtension&amp;gt;.rdf&amp;lt;/outputFileExtension&amp;gt;
    &amp;lt;filesParameters class=&amp;quot;linked-list&amp;quot;/&amp;gt;
    &amp;lt;numberOfExtraThreads&amp;gt;0&amp;lt;/numberOfExtraThreads&amp;gt;
  &amp;lt;/cz.cuni.mff.xrg.uv.transformer.xslt.XsltConfig__V2&amp;gt;
&amp;lt;/object-stream&amp;gt;&lt;/string&gt;
      &lt;/entry&gt;
    &lt;/configurations&gt;
  &lt;/MasterConfigObject&gt;
&lt;/object-stream&gt;</rawConf>
            <template>
              <description></description>
              <jarName>uv-t-xslt-2.2.1.jar</jarName>
              <menuName>uv-t-xslt</menuName>
              <name>uv-t-xslt</name>
              <rawConf>&lt;object-stream&gt;
  &lt;MasterConfigObject&gt;
    &lt;configurations&gt;
      &lt;entry&gt;
        &lt;string&gt;dpu_config&lt;/string&gt;
        &lt;string&gt;&amp;lt;object-stream&amp;gt;
  &amp;lt;cz.cuni.mff.xrg.uv.transformer.xslt.XsltConfig__V2&amp;gt;
    &amp;lt;xsltTemplate&amp;gt;&amp;lt;/xsltTemplate&amp;gt;
    &amp;lt;xsltTemplateName&amp;gt;Empty&amp;lt;/xsltTemplateName&amp;gt;
    &amp;lt;failOnError&amp;gt;true&amp;lt;/failOnError&amp;gt;
    &amp;lt;outputFileExtension&amp;gt;&amp;lt;/outputFileExtension&amp;gt;
    &amp;lt;filesParameters class=&amp;quot;linked-list&amp;quot;/&amp;gt;
    &amp;lt;numberOfExtraThreads&amp;gt;0&amp;lt;/numberOfExtraThreads&amp;gt;
  &amp;lt;/cz.cuni.mff.xrg.uv.transformer.xslt.XsltConfig__V2&amp;gt;
&amp;lt;/object-stream&amp;gt;&lt;/string&gt;
      &lt;/entry&gt;
    &lt;/configurations&gt;
  &lt;/MasterConfigObject&gt;
&lt;/object-stream&gt;</rawConf>
              <useDPUDescription>false</useDPUDescription>
            </template>
            <useDPUDescription>false</useDPUDescription>
            <useTemplateConfig>false</useTemplateConfig>
          </dpuInstance>
          <graph reference="../../../.."/>
          <position>
            <x>384</x>
            <y>39</y>
          </position>
        </from>
        <graph reference="../../.."/>
        <script>filesOutput -&gt; filesInput;</script>
        <to>
          <dpuInstance>
            <description></description>
            <name>uv-t-filesToRdf</name>
            <rawConf>&lt;object-stream&gt;
  &lt;MasterConfigObject&gt;
    &lt;configurations&gt;
      &lt;entry&gt;
        &lt;string&gt;addon/faultToleranceWrap&lt;/string&gt;
        &lt;string&gt;&amp;lt;object-stream&amp;gt;
  &amp;lt;eu.unifiedviews.helpers.dpu.extension.faulttolerance.FaultTolerance_-Configuration__V1&amp;gt;
    &amp;lt;enabled&amp;gt;true&amp;lt;/enabled&amp;gt;
    &amp;lt;exceptionNames class=&amp;quot;linked-list&amp;quot;/&amp;gt;
    &amp;lt;maxRetryCount&amp;gt;-1&amp;lt;/maxRetryCount&amp;gt;
  &amp;lt;/eu.unifiedviews.helpers.dpu.extension.faulttolerance.FaultTolerance_-Configuration__V1&amp;gt;
&amp;lt;/object-stream&amp;gt;&lt;/string&gt;
      &lt;/entry&gt;
      &lt;entry&gt;
        &lt;string&gt;dpu_config&lt;/string&gt;
        &lt;string&gt;&amp;lt;object-stream&amp;gt;
  &amp;lt;eu.unifiedviews.plugins.transformer.filestordft.FilesToRDFConfig__V1&amp;gt;
    &amp;lt;symbolicNameToBaseURIMap class=&amp;quot;linked-hash-map&amp;quot;/&amp;gt;
    &amp;lt;symbolicNameToFormatMap class=&amp;quot;linked-hash-map&amp;quot;/&amp;gt;
    &amp;lt;commitSize&amp;gt;100000&amp;lt;/commitSize&amp;gt;
    &amp;lt;fatalErrorHandling&amp;gt;STOP_EXTRACTION&amp;lt;/fatalErrorHandling&amp;gt;
    &amp;lt;errorHandling&amp;gt;SKIP_CONTINUE_THIS_FILE&amp;lt;/errorHandling&amp;gt;
    &amp;lt;warningHandling&amp;gt;SKIP_CONTINUE_THIS_FILE&amp;lt;/warningHandling&amp;gt;
    &amp;lt;outputNaming&amp;gt;USE_SINGLE_SYMBOLIC_NAME&amp;lt;/outputNaming&amp;gt;
    &amp;lt;outputSymbolicName&amp;gt;http://data.sazp.sk/resource/dataset/protected-sites&amp;lt;/outputSymbolicName&amp;gt;
  &amp;lt;/eu.unifiedviews.plugins.transformer.filestordft.FilesToRDFConfig__V1&amp;gt;
&amp;lt;/object-stream&amp;gt;&lt;/string&gt;
      &lt;/entry&gt;
    &lt;/configurations&gt;
  &lt;/MasterConfigObject&gt;
&lt;/object-stream&gt;</rawConf>
            <template>
              <description></description>
              <jarName>uv-t-filesToRdf-2.1.1.jar</jarName>
              <menuName>uv-t-filesToRdf</menuName>
              <name>uv-t-filesToRdf</name>
              <rawConf>&lt;object-stream&gt;
  &lt;MasterConfigObject&gt;
    &lt;configurations&gt;
      &lt;entry&gt;
        &lt;string&gt;dpu_config&lt;/string&gt;
        &lt;string&gt;&amp;lt;object-stream&amp;gt;
  &amp;lt;eu.unifiedviews.plugins.transformer.filestordft.FilesToRDFConfig__V1&amp;gt;
    &amp;lt;symbolicNameToBaseURIMap class=&amp;quot;linked-hash-map&amp;quot;/&amp;gt;
    &amp;lt;symbolicNameToFormatMap class=&amp;quot;linked-hash-map&amp;quot;/&amp;gt;
    &amp;lt;commitSize&amp;gt;100000&amp;lt;/commitSize&amp;gt;
    &amp;lt;fatalErrorHandling&amp;gt;STOP_EXTRACTION&amp;lt;/fatalErrorHandling&amp;gt;
    &amp;lt;errorHandling&amp;gt;SKIP_CONTINUE_THIS_FILE&amp;lt;/errorHandling&amp;gt;
    &amp;lt;warningHandling&amp;gt;SKIP_CONTINUE_THIS_FILE&amp;lt;/warningHandling&amp;gt;
    &amp;lt;outputNaming&amp;gt;USE_INPUT_GRAPH_NAME&amp;lt;/outputNaming&amp;gt;
  &amp;lt;/eu.unifiedviews.plugins.transformer.filestordft.FilesToRDFConfig__V1&amp;gt;
&amp;lt;/object-stream&amp;gt;&lt;/string&gt;
      &lt;/entry&gt;
    &lt;/configurations&gt;
  &lt;/MasterConfigObject&gt;
&lt;/object-stream&gt;</rawConf>
              <useDPUDescription>false</useDPUDescription>
            </template>
            <useDPUDescription>false</useDPUDescription>
            <useTemplateConfig>false</useTemplateConfig>
          </dpuInstance>
          <graph reference="../../../.."/>
          <position>
            <x>550</x>
            <y>39</y>
          </position>
        </to>
      </cz.cuni.mff.xrg.odcs.commons.app.pipeline.graph.Edge>
      <cz.cuni.mff.xrg.odcs.commons.app.pipeline.graph.Edge>
        <from>
          <dpuInstance>
            <description></description>
            <name>uv-e-filesDownload</name>
            <rawConf>&lt;object-stream&gt;
  &lt;MasterConfigObject&gt;
    &lt;configurations&gt;
      &lt;entry&gt;
        &lt;string&gt;addon/faultToleranceWrap&lt;/string&gt;
        &lt;string&gt;&amp;lt;object-stream&amp;gt;
  &amp;lt;eu.unifiedviews.helpers.dpu.extension.faulttolerance.FaultTolerance_-Configuration__V1&amp;gt;
    &amp;lt;enabled&amp;gt;true&amp;lt;/enabled&amp;gt;
    &amp;lt;exceptionNames class=&amp;quot;linked-list&amp;quot;/&amp;gt;
    &amp;lt;maxRetryCount&amp;gt;-1&amp;lt;/maxRetryCount&amp;gt;
  &amp;lt;/eu.unifiedviews.helpers.dpu.extension.faulttolerance.FaultTolerance_-Configuration__V1&amp;gt;
&amp;lt;/object-stream&amp;gt;&lt;/string&gt;
      &lt;/entry&gt;
      &lt;entry&gt;
        &lt;string&gt;dpu_config&lt;/string&gt;
        &lt;string&gt;&amp;lt;object-stream&amp;gt;
  &amp;lt;eu.unifiedviews.plugins.extractor.filesdownload.FilesDownloadConfig__V1&amp;gt;
    &amp;lt;vfsFiles&amp;gt;
      &amp;lt;eu.unifiedviews.plugins.extractor.filesdownload.VfsFile&amp;gt;
        &amp;lt;uri&amp;gt;http://inspire.geop.sazp.sk/geoserver/wfs?request=GetFeature&amp;amp;amp;version=1.1.0&amp;amp;amp;outputFormat=gml32&amp;amp;amp;typename=ps:ProtectedSite&amp;amp;amp;cql_filter=%22ps:siteDesignation/ps:DesignationType/ps:designation%22%20in%20(&amp;amp;apos;nationalPark&amp;amp;apos;,%20&amp;amp;apos;ProtectedLandscapeOrSeascape&amp;amp;apos;)%20and%20%22ps:inspireID/base:Identifier/base:namespace%22%20=%20&amp;amp;apos;SK:GOV:MOE:SEA:PS&amp;amp;apos;&amp;lt;/uri&amp;gt;
        &amp;lt;username&amp;gt;&amp;lt;/username&amp;gt;
        &amp;lt;password&amp;gt;&amp;lt;/password&amp;gt;
        &amp;lt;fileName&amp;gt;01_NP_LPA.gml&amp;lt;/fileName&amp;gt;
      &amp;lt;/eu.unifiedviews.plugins.extractor.filesdownload.VfsFile&amp;gt;
      &amp;lt;eu.unifiedviews.plugins.extractor.filesdownload.VfsFile&amp;gt;
        &amp;lt;uri&amp;gt;http://inspire.geop.sazp.sk/geoserver/wfs?request=GetFeature&amp;amp;amp;version=1.1.0&amp;amp;amp;outputFormat=gml32&amp;amp;amp;typename=ps:ProtectedSite&amp;amp;amp;cql_filter=%22ps:siteDesignation/ps:DesignationType/ps:designation%22%20in%20(&amp;amp;apos;managedResourceProtectedArea&amp;amp;apos;,%20&amp;amp;apos;strictNatureReserve&amp;amp;apos;,%20&amp;amp;apos;wildernessArea&amp;amp;apos;)%20and%20%22ps:inspireID/base:Identifier/base:namespace%22%20=%20&amp;amp;apos;SK:GOV:MOE:SEA:PS&amp;amp;apos;&amp;lt;/uri&amp;gt;
        &amp;lt;username&amp;gt;&amp;lt;/username&amp;gt;
        &amp;lt;password&amp;gt;&amp;lt;/password&amp;gt;
        &amp;lt;fileName&amp;gt;02_SSPA.gml&amp;lt;/fileName&amp;gt;
      &amp;lt;/eu.unifiedviews.plugins.extractor.filesdownload.VfsFile&amp;gt;
      &amp;lt;eu.unifiedviews.plugins.extractor.filesdownload.VfsFile&amp;gt;
        &amp;lt;uri&amp;gt;http://inspire.geop.sazp.sk/geoserver/wfs?request=GetFeature&amp;amp;amp;version=1.1.0&amp;amp;amp;outputFormat=gml32&amp;amp;amp;typename=ps:ProtectedSite&amp;amp;amp;cql_filter=%22ps:siteDesignation/ps:DesignationType/ps:designation%22%20in%20(&amp;amp;apos;naturalMonument&amp;amp;apos;)%20and%20%22ps:inspireID/base:Identifier/base:namespace%22%20=%20&amp;amp;apos;SK:GOV:MOE:SEA:PS&amp;amp;apos;&amp;lt;/uri&amp;gt;
        &amp;lt;username&amp;gt;&amp;lt;/username&amp;gt;
        &amp;lt;password&amp;gt;&amp;lt;/password&amp;gt;
        &amp;lt;fileName&amp;gt;03_PNM.gml&amp;lt;/fileName&amp;gt;
      &amp;lt;/eu.unifiedviews.plugins.extractor.filesdownload.VfsFile&amp;gt;
      &amp;lt;eu.unifiedviews.plugins.extractor.filesdownload.VfsFile&amp;gt;
        &amp;lt;uri&amp;gt;http://inspire.geop.sazp.sk/geoserver/wfs?request=GetFeature&amp;amp;amp;version=1.1.0&amp;amp;amp;outputFormat=gml32&amp;amp;amp;typename=ps:ProtectedSite&amp;amp;amp;cql_filter=%22ps:siteDesignation/ps:DesignationType/ps:designation%22%20in%20(&amp;amp;apos;specialProtectionArea&amp;amp;apos;)%20and%20%22ps:inspireID/base:Identifier/base:namespace%22%20=%20&amp;amp;apos;SK:GOV:MOE:SEA:PS&amp;amp;apos;&amp;lt;/uri&amp;gt;
        &amp;lt;username&amp;gt;&amp;lt;/username&amp;gt;
        &amp;lt;password&amp;gt;&amp;lt;/password&amp;gt;
        &amp;lt;fileName&amp;gt;04_SPA.gml&amp;lt;/fileName&amp;gt;
      &amp;lt;/eu.unifiedviews.plugins.extractor.filesdownload.VfsFile&amp;gt;
      &amp;lt;eu.unifiedviews.plugins.extractor.filesdownload.VfsFile&amp;gt;
        &amp;lt;uri&amp;gt;http://inspire.geop.sazp.sk/geoserver/wfs?request=GetFeature&amp;amp;amp;version=1.1.0&amp;amp;amp;outputFormat=gml32&amp;amp;amp;typename=ps:ProtectedSite&amp;amp;amp;cql_filter=%22ps:siteDesignation/ps:DesignationType/ps:designation%22%20in%20(&amp;amp;apos;siteOfCommunityImportance&amp;amp;apos;)%20and%20%22ps:inspireID/base:Identifier/base:namespace%22%20=%20&amp;amp;apos;SK:GOV:MOE:SEA:PS&amp;amp;apos;&amp;lt;/uri&amp;gt;
        &amp;lt;username&amp;gt;&amp;lt;/username&amp;gt;
        &amp;lt;password&amp;gt;&amp;lt;/password&amp;gt;
        &amp;lt;fileName&amp;gt;05_SCI.gml&amp;lt;/fileName&amp;gt;
      &amp;lt;/eu.unifiedviews.plugins.extractor.filesdownload.VfsFile&amp;gt;
      &amp;lt;eu.unifiedviews.plugins.extractor.filesdownload.VfsFile&amp;gt;
        &amp;lt;uri&amp;gt;http://inspire.geop.sazp.sk/geoserver/wfs?request=GetFeature&amp;amp;amp;version=1.1.0&amp;amp;amp;outputFormat=gml32&amp;amp;amp;typename=ps:ProtectedSite&amp;amp;amp;cql_filter=%22ps:siteDesignation/ps:DesignationType/ps:designation%22%20in%20(&amp;amp;apos;biosphereReserve&amp;amp;apos;)%20and%20%22ps:inspireID/base:Identifier/base:namespace%22%20=%20&amp;amp;apos;SK:GOV:MOE:SEA:PS&amp;amp;apos;&amp;lt;/uri&amp;gt;
        &amp;lt;username&amp;gt;&amp;lt;/username&amp;gt;
        &amp;lt;password&amp;gt;&amp;lt;/password&amp;gt;
        &amp;lt;fileName&amp;gt;06_BR.gml&amp;lt;/fileName&amp;gt;
      &amp;lt;/eu.unifiedviews.plugins.extractor.filesdownload.VfsFile&amp;gt;
      &amp;lt;eu.unifiedviews.plugins.extractor.filesdownload.VfsFile&amp;gt;
        &amp;lt;uri&amp;gt;http://inspire.geop.sazp.sk/geoserver/wfs?request=GetFeature&amp;amp;amp;version=1.1.0&amp;amp;amp;outputFormat=gml32&amp;amp;amp;typename=ps:ProtectedSite&amp;amp;amp;cql_filter=%22ps:siteDesignation/ps:DesignationType/ps:designationScheme%22%20in%20(&amp;amp;apos;ramsar&amp;amp;apos;)%20and%20%22ps:inspireID/base:Identifier/base:namespace%22%20=%20&amp;amp;apos;SK:GOV:MOE:SEA:PS&amp;amp;apos;&amp;lt;/uri&amp;gt;
        &amp;lt;username&amp;gt;&amp;lt;/username&amp;gt;
        &amp;lt;password&amp;gt;&amp;lt;/password&amp;gt;
        &amp;lt;fileName&amp;gt;07_RAMSAR.gml&amp;lt;/fileName&amp;gt;
      &amp;lt;/eu.unifiedviews.plugins.extractor.filesdownload.VfsFile&amp;gt;
      &amp;lt;eu.unifiedviews.plugins.extractor.filesdownload.VfsFile&amp;gt;
        &amp;lt;uri&amp;gt;http://inspire.geop.sazp.sk/geoserver/wfs?request=GetFeature&amp;amp;amp;version=1.1.0&amp;amp;amp;outputFormat=gml32&amp;amp;amp;typename=ps:ProtectedSite&amp;amp;amp;cql_filter=%22ps:siteDesignation/ps:DesignationType/ps:designationScheme%22%20in%20(&amp;amp;apos;UNESCOWorldHeritage&amp;amp;apos;)%20and%20%22ps:inspireID/base:Identifier/base:namespace%22%20=%20&amp;amp;apos;SK:GOV:MOE:SEA:PS&amp;amp;apos;&amp;lt;/uri&amp;gt;
        &amp;lt;username&amp;gt;&amp;lt;/username&amp;gt;
        &amp;lt;password&amp;gt;&amp;lt;/password&amp;gt;
        &amp;lt;fileName&amp;gt;08_UNESCO.gml&amp;lt;/fileName&amp;gt;
      &amp;lt;/eu.unifiedviews.plugins.extractor.filesdownload.VfsFile&amp;gt;
      &amp;lt;eu.unifiedviews.plugins.extractor.filesdownload.VfsFile&amp;gt;
        &amp;lt;uri&amp;gt;http://inspire.geop.sazp.sk/geoserver/wfs?request=GetFeature&amp;amp;amp;version=1.1.0&amp;amp;amp;outputFormat=gml32&amp;amp;amp;typename=ps:ProtectedSite&amp;amp;amp;cql_filter=%22ps:siteDesignation/ps:DesignationType/ps:designation%22%20in%20(&amp;amp;apos;naturalMonument&amp;amp;apos;)%20and%20%22ps:inspireID/base:Identifier/base:namespace%22%20=%20&amp;amp;apos;SK:GOV:MOE:SEA:PS&amp;amp;apos;&amp;lt;/uri&amp;gt;
        &amp;lt;username&amp;gt;&amp;lt;/username&amp;gt;
        &amp;lt;password&amp;gt;&amp;lt;/password&amp;gt;
        &amp;lt;fileName&amp;gt;09_PLE.gml&amp;lt;/fileName&amp;gt;
      &amp;lt;/eu.unifiedviews.plugins.extractor.filesdownload.VfsFile&amp;gt;
    &amp;lt;/vfsFiles&amp;gt;
    &amp;lt;softFail&amp;gt;false&amp;lt;/softFail&amp;gt;
  &amp;lt;/eu.unifiedviews.plugins.extractor.filesdownload.FilesDownloadConfig__V1&amp;gt;
&amp;lt;/object-stream&amp;gt;&lt;/string&gt;
      &lt;/entry&gt;
    &lt;/configurations&gt;
  &lt;/MasterConfigObject&gt;
&lt;/object-stream&gt;</rawConf>
            <template>
              <description></description>
              <jarName>uv-e-filesDownload-2.1.1.jar</jarName>
              <menuName>uv-e-filesDownload</menuName>
              <name>uv-e-filesDownload</name>
              <rawConf>&lt;object-stream&gt;
  &lt;MasterConfigObject&gt;
    &lt;configurations&gt;
      &lt;entry&gt;
        &lt;string&gt;dpu_config&lt;/string&gt;
        &lt;string&gt;&amp;lt;object-stream&amp;gt;
  &amp;lt;eu.unifiedviews.plugins.extractor.filesdownload.FilesDownloadConfig__V1&amp;gt;
    &amp;lt;vfsFiles class=&amp;quot;linked-list&amp;quot;/&amp;gt;
    &amp;lt;softFail&amp;gt;false&amp;lt;/softFail&amp;gt;
    &amp;lt;defaultTimeout&amp;gt;20000&amp;lt;/defaultTimeout&amp;gt;
    &amp;lt;ignoreTlsErrors&amp;gt;false&amp;lt;/ignoreTlsErrors&amp;gt;
  &amp;lt;/eu.unifiedviews.plugins.extractor.filesdownload.FilesDownloadConfig__V1&amp;gt;
&amp;lt;/object-stream&amp;gt;&lt;/string&gt;
      &lt;/entry&gt;
    &lt;/configurations&gt;
  &lt;/MasterConfigObject&gt;
&lt;/object-stream&gt;</rawConf>
              <useDPUDescription>false</useDPUDescription>
            </template>
            <useDPUDescription>false</useDPUDescription>
            <useTemplateConfig>false</useTemplateConfig>
          </dpuInstance>
          <graph reference="../../../.."/>
          <position>
            <x>202</x>
            <y>39</y>
          </position>
        </from>
        <graph reference="../../.."/>
        <script>output -&gt; filesInput;</script>
        <to reference="../../cz.cuni.mff.xrg.odcs.commons.app.pipeline.graph.Edge/from"/>
      </cz.cuni.mff.xrg.odcs.commons.app.pipeline.graph.Edge>
      <cz.cuni.mff.xrg.odcs.commons.app.pipeline.graph.Edge>
        <from>
          <dpuInstance>
            <description></description>
            <name>uv-t-rdfToFiles</name>
            <rawConf>&lt;object-stream&gt;
  &lt;MasterConfigObject&gt;
    &lt;configurations&gt;
      &lt;entry&gt;
        &lt;string&gt;addon/faultToleranceWrap&lt;/string&gt;
        &lt;string&gt;&amp;lt;object-stream&amp;gt;
  &amp;lt;eu.unifiedviews.helpers.dpu.extension.faulttolerance.FaultTolerance_-Configuration__V1&amp;gt;
    &amp;lt;enabled&amp;gt;true&amp;lt;/enabled&amp;gt;
    &amp;lt;exceptionNames class=&amp;quot;linked-list&amp;quot;/&amp;gt;
    &amp;lt;maxRetryCount&amp;gt;-1&amp;lt;/maxRetryCount&amp;gt;
  &amp;lt;/eu.unifiedviews.helpers.dpu.extension.faulttolerance.FaultTolerance_-Configuration__V1&amp;gt;
&amp;lt;/object-stream&amp;gt;&lt;/string&gt;
      &lt;/entry&gt;
      &lt;entry&gt;
        &lt;string&gt;dpu_config&lt;/string&gt;
        &lt;string&gt;&amp;lt;object-stream&amp;gt;
  &amp;lt;eu.unifiedviews.plugins.transformer.rdftofiles.RdfToFilesConfig__V1&amp;gt;
    &amp;lt;rdfFileFormat&amp;gt;Turtle&amp;lt;/rdfFileFormat&amp;gt;
    &amp;lt;genGraphFile&amp;gt;false&amp;lt;/genGraphFile&amp;gt;
    &amp;lt;mergeGraphs&amp;gt;true&amp;lt;/mergeGraphs&amp;gt;
    &amp;lt;outGraphName&amp;gt;&amp;lt;/outGraphName&amp;gt;
    &amp;lt;graphToFileInfo class=&amp;quot;java.util.Arrays$ArrayList&amp;quot;&amp;gt;
      &amp;lt;a class=&amp;quot;eu.unifiedviews.plugins.transformer.rdftofiles.RdfToFilesConfig_V1$GraphToFileInfo-array&amp;quot;&amp;gt;
        &amp;lt;eu.unifiedviews.plugins.transformer.rdftofiles.RdfToFilesConfig__V1_-GraphToFileInfo&amp;gt;
          &amp;lt;inSymbolicName&amp;gt;&amp;lt;/inSymbolicName&amp;gt;
          &amp;lt;outFileName&amp;gt;sazp_protected_sites&amp;lt;/outFileName&amp;gt;
          &amp;lt;outer-class reference=&amp;quot;../../../..&amp;quot;/&amp;gt;
        &amp;lt;/eu.unifiedviews.plugins.transformer.rdftofiles.RdfToFilesConfig__V1_-GraphToFileInfo&amp;gt;
      &amp;lt;/a&amp;gt;
    &amp;lt;/graphToFileInfo&amp;gt;
  &amp;lt;/eu.unifiedviews.plugins.transformer.rdftofiles.RdfToFilesConfig__V1&amp;gt;
&amp;lt;/object-stream&amp;gt;&lt;/string&gt;
      &lt;/entry&gt;
    &lt;/configurations&gt;
  &lt;/MasterConfigObject&gt;
&lt;/object-stream&gt;</rawConf>
            <template>
              <description></description>
              <jarName>uv-t-rdfToFiles-2.1.1.jar</jarName>
              <menuName>uv-t-rdfToFiles</menuName>
              <name>uv-t-rdfToFiles</name>
              <rawConf>&lt;object-stream&gt;
  &lt;MasterConfigObject&gt;
    &lt;configurations&gt;
      &lt;entry&gt;
        &lt;string&gt;dpu_config&lt;/string&gt;
        &lt;string&gt;&amp;lt;object-stream&amp;gt;
  &amp;lt;eu.unifiedviews.plugins.transformer.rdftofiles.RdfToFilesConfig__V2&amp;gt;
    &amp;lt;outFileName&amp;gt;output&amp;lt;/outFileName&amp;gt;
    &amp;lt;rdfFileFormat&amp;gt;Turtle&amp;lt;/rdfFileFormat&amp;gt;
    &amp;lt;genGraphFile&amp;gt;true&amp;lt;/genGraphFile&amp;gt;
    &amp;lt;outGraphName&amp;gt;http://localhost/resource/output&amp;lt;/outGraphName&amp;gt;
  &amp;lt;/eu.unifiedviews.plugins.transformer.rdftofiles.RdfToFilesConfig__V2&amp;gt;
&amp;lt;/object-stream&amp;gt;&lt;/string&gt;
      &lt;/entry&gt;
    &lt;/configurations&gt;
  &lt;/MasterConfigObject&gt;
&lt;/object-stream&gt;</rawConf>
              <useDPUDescription>false</useDPUDescription>
            </template>
            <useDPUDescription>false</useDPUDescription>
            <useTemplateConfig>false</useTemplateConfig>
          </dpuInstance>
          <graph reference="../../../.."/>
          <position>
            <x>549</x>
            <y>204</y>
          </position>
        </from>
        <graph reference="../../.."/>
        <script>output -&gt; input;</script>
        <to>
          <dpuInstance>
            <description></description>
            <name>uv-t-zipper</name>
            <rawConf>&lt;object-stream&gt;
  &lt;MasterConfigObject&gt;
    &lt;configurations&gt;
      &lt;entry&gt;
        &lt;string&gt;addon/faultToleranceWrap&lt;/string&gt;
        &lt;string&gt;&amp;lt;object-stream&amp;gt;
  &amp;lt;eu.unifiedviews.helpers.dpu.extension.faulttolerance.FaultTolerance_-Configuration__V1&amp;gt;
    &amp;lt;enabled&amp;gt;true&amp;lt;/enabled&amp;gt;
    &amp;lt;exceptionNames class=&amp;quot;linked-list&amp;quot;/&amp;gt;
    &amp;lt;maxRetryCount&amp;gt;-1&amp;lt;/maxRetryCount&amp;gt;
  &amp;lt;/eu.unifiedviews.helpers.dpu.extension.faulttolerance.FaultTolerance_-Configuration__V1&amp;gt;
&amp;lt;/object-stream&amp;gt;&lt;/string&gt;
      &lt;/entry&gt;
      &lt;entry&gt;
        &lt;string&gt;dpu_config&lt;/string&gt;
        &lt;string&gt;&amp;lt;object-stream&amp;gt;
  &amp;lt;eu.unifiedviews.plugins.transformer.zipper.ZipperConfig__V1&amp;gt;
    &amp;lt;zipFile&amp;gt;sazp_protected_sites.zip&amp;lt;/zipFile&amp;gt;
  &amp;lt;/eu.unifiedviews.plugins.transformer.zipper.ZipperConfig__V1&amp;gt;
&amp;lt;/object-stream&amp;gt;&lt;/string&gt;
      &lt;/entry&gt;
    &lt;/configurations&gt;
  &lt;/MasterConfigObject&gt;
&lt;/object-stream&gt;</rawConf>
            <template>
              <description></description>
              <jarName>uv-t-zipper-2.1.1.jar</jarName>
              <menuName>uv-t-zipper</menuName>
              <name>uv-t-zipper</name>
              <rawConf>&lt;object-stream&gt;
  &lt;MasterConfigObject&gt;
    &lt;configurations&gt;
      &lt;entry&gt;
        &lt;string&gt;dpu_config&lt;/string&gt;
        &lt;string&gt;&amp;lt;object-stream&amp;gt;
  &amp;lt;eu.unifiedviews.plugins.transformer.zipper.ZipperConfig__V1&amp;gt;
    &amp;lt;zipFile&amp;gt;data.zip&amp;lt;/zipFile&amp;gt;
  &amp;lt;/eu.unifiedviews.plugins.transformer.zipper.ZipperConfig__V1&amp;gt;
&amp;lt;/object-stream&amp;gt;&lt;/string&gt;
      &lt;/entry&gt;
    &lt;/configurations&gt;
  &lt;/MasterConfigObject&gt;
&lt;/object-stream&gt;</rawConf>
              <useDPUDescription>false</useDPUDescription>
            </template>
            <useDPUDescription>false</useDPUDescription>
            <useTemplateConfig>false</useTemplateConfig>
          </dpuInstance>
          <graph reference="../../../.."/>
          <position>
            <x>548</x>
            <y>287</y>
          </position>
        </to>
      </cz.cuni.mff.xrg.odcs.commons.app.pipeline.graph.Edge>
      <cz.cuni.mff.xrg.odcs.commons.app.pipeline.graph.Edge>
        <from>
          <dpuInstance>
            <description></description>
            <menuName>uv-l-filesUpload</menuName>
            <name>uv-l-filesUpload</name>
            <rawConf>&lt;object-stream&gt;
  &lt;MasterConfigObject&gt;
    &lt;configurations&gt;
      &lt;entry&gt;
        &lt;string&gt;addon/faultToleranceWrap&lt;/string&gt;
        &lt;string&gt;&amp;lt;object-stream&amp;gt;
  &amp;lt;eu.unifiedviews.helpers.dpu.extension.faulttolerance.FaultTolerance_-Configuration__V1&amp;gt;
    &amp;lt;enabled&amp;gt;false&amp;lt;/enabled&amp;gt;
    &amp;lt;exceptionNames class=&amp;quot;linked-list&amp;quot;/&amp;gt;
    &amp;lt;maxRetryCount&amp;gt;-1&amp;lt;/maxRetryCount&amp;gt;
  &amp;lt;/eu.unifiedviews.helpers.dpu.extension.faulttolerance.FaultTolerance_-Configuration__V1&amp;gt;
&amp;lt;/object-stream&amp;gt;&lt;/string&gt;
      &lt;/entry&gt;
      &lt;entry&gt;
        &lt;string&gt;dpu_config&lt;/string&gt;
        &lt;string&gt;&amp;lt;object-stream&amp;gt;
  &amp;lt;eu.unifiedviews.plugins.loader.filesupload.FilesUploadConfig__V1&amp;gt;
    &amp;lt;uri&amp;gt;/tmp/sazp-1&amp;lt;/uri&amp;gt;
    &amp;lt;username&amp;gt;&amp;lt;/username&amp;gt;
    &amp;lt;password&amp;gt;&amp;lt;/password&amp;gt;
    &amp;lt;softFail&amp;gt;false&amp;lt;/softFail&amp;gt;
    &amp;lt;moveFiles&amp;gt;false&amp;lt;/moveFiles&amp;gt;
  &amp;lt;/eu.unifiedviews.plugins.loader.filesupload.FilesUploadConfig__V1&amp;gt;
&amp;lt;/object-stream&amp;gt;&lt;/string&gt;
      &lt;/entry&gt;
    &lt;/configurations&gt;
  &lt;/MasterConfigObject&gt;
&lt;/object-stream&gt;</rawConf>
            <template>
              <description></description>
              <jarName>uv-l-filesUpload-2.1.1.jar</jarName>
              <menuName>uv-l-filesUpload</menuName>
              <name>uv-l-filesUpload</name>
              <rawConf>&lt;object-stream&gt;
  &lt;MasterConfigObject&gt;
    &lt;configurations&gt;
      &lt;entry&gt;
        &lt;string&gt;dpu_config&lt;/string&gt;
        &lt;string&gt;&amp;lt;object-stream&amp;gt;
  &amp;lt;eu.unifiedviews.plugins.loader.filesupload.FilesUploadConfig__V1&amp;gt;
    &amp;lt;uri&amp;gt;ftps://server:21/path/&amp;lt;/uri&amp;gt;
    &amp;lt;username&amp;gt;&amp;lt;/username&amp;gt;
    &amp;lt;password&amp;gt;&amp;lt;/password&amp;gt;
    &amp;lt;softFail&amp;gt;false&amp;lt;/softFail&amp;gt;
    &amp;lt;moveFiles&amp;gt;false&amp;lt;/moveFiles&amp;gt;
  &amp;lt;/eu.unifiedviews.plugins.loader.filesupload.FilesUploadConfig__V1&amp;gt;
&amp;lt;/object-stream&amp;gt;&lt;/string&gt;
      &lt;/entry&gt;
    &lt;/configurations&gt;
  &lt;/MasterConfigObject&gt;
&lt;/object-stream&gt;</rawConf>
              <useDPUDescription>false</useDPUDescription>
            </template>
            <useDPUDescription>false</useDPUDescription>
            <useTemplateConfig>false</useTemplateConfig>
          </dpuInstance>
          <graph reference="../../../.."/>
          <position>
            <x>380</x>
            <y>206</y>
          </position>
        </from>
        <graph reference="../../.."/>
        <script>run_after</script>
        <to>
          <dpuInstance>
            <description></description>
            <menuName>uv-l-filesToVirtuoso</menuName>
            <name>uv-l-filesToVirtuoso</name>
            <rawConf>&lt;object-stream&gt;
  &lt;MasterConfigObject&gt;
    &lt;configurations&gt;
      &lt;entry&gt;
        &lt;string&gt;addon/faultToleranceWrap&lt;/string&gt;
        &lt;string&gt;&amp;lt;object-stream&amp;gt;
  &amp;lt;eu.unifiedviews.helpers.dpu.extension.faulttolerance.FaultTolerance_-Configuration__V1&amp;gt;
    &amp;lt;enabled&amp;gt;false&amp;lt;/enabled&amp;gt;
    &amp;lt;exceptionNames class=&amp;quot;linked-list&amp;quot;/&amp;gt;
    &amp;lt;maxRetryCount&amp;gt;-1&amp;lt;/maxRetryCount&amp;gt;
  &amp;lt;/eu.unifiedviews.helpers.dpu.extension.faulttolerance.FaultTolerance_-Configuration__V1&amp;gt;
&amp;lt;/object-stream&amp;gt;&lt;/string&gt;
      &lt;/entry&gt;
      &lt;entry&gt;
        &lt;string&gt;dpu_config&lt;/string&gt;
        &lt;string&gt;&amp;lt;object-stream&amp;gt;
  &amp;lt;eu.unifiedviews.plugins.loader.filestovirtuoso.VirtuosoLoaderConfig__V1&amp;gt;
    &amp;lt;virtuosoUrl&amp;gt;jdbc:virtuoso://localhost:1111/charset=UTF-8/&amp;lt;/virtuosoUrl&amp;gt;
    &amp;lt;username&amp;gt;dba&amp;lt;/username&amp;gt;
    &amp;lt;password&amp;gt;dba&amp;lt;/password&amp;gt;
    &amp;lt;clearDestinationGraph&amp;gt;true&amp;lt;/clearDestinationGraph&amp;gt;
    &amp;lt;loadDirectoryPath&amp;gt;/tmp/sazp-1&amp;lt;/loadDirectoryPath&amp;gt;
    &amp;lt;includeSubdirectories&amp;gt;true&amp;lt;/includeSubdirectories&amp;gt;
    &amp;lt;loadFilePattern&amp;gt;%&amp;lt;/loadFilePattern&amp;gt;
    &amp;lt;targetContext&amp;gt;http://cloud29j.cerit-sc.cz/parliament/&amp;lt;/targetContext&amp;gt;
    &amp;lt;statusUpdateInterval&amp;gt;60&amp;lt;/statusUpdateInterval&amp;gt;
    &amp;lt;threadCount&amp;gt;1&amp;lt;/threadCount&amp;gt;
    &amp;lt;skipOnError&amp;gt;false&amp;lt;/skipOnError&amp;gt;
  &amp;lt;/eu.unifiedviews.plugins.loader.filestovirtuoso.VirtuosoLoaderConfig__V1&amp;gt;
&amp;lt;/object-stream&amp;gt;&lt;/string&gt;
      &lt;/entry&gt;
    &lt;/configurations&gt;
  &lt;/MasterConfigObject&gt;
&lt;/object-stream&gt;</rawConf>
            <template>
              <description></description>
              <jarName>uv-l-filesToVirtuoso-2.1.1.jar</jarName>
              <menuName>uv-l-filesToVirtuoso</menuName>
              <name>uv-l-filesToVirtuoso</name>
              <rawConf>&lt;object-stream&gt;
  &lt;MasterConfigObject&gt;
    &lt;configurations&gt;
      &lt;entry&gt;
        &lt;string&gt;dpu_config&lt;/string&gt;
        &lt;string&gt;&amp;lt;object-stream&amp;gt;
  &amp;lt;eu.unifiedviews.plugins.loader.filestovirtuoso.VirtuosoLoaderConfig__V1&amp;gt;
    &amp;lt;virtuosoUrl&amp;gt;&amp;lt;/virtuosoUrl&amp;gt;
    &amp;lt;username&amp;gt;&amp;lt;/username&amp;gt;
    &amp;lt;password&amp;gt;&amp;lt;/password&amp;gt;
    &amp;lt;clearDestinationGraph&amp;gt;false&amp;lt;/clearDestinationGraph&amp;gt;
    &amp;lt;loadDirectoryPath&amp;gt;&amp;lt;/loadDirectoryPath&amp;gt;
    &amp;lt;includeSubdirectories&amp;gt;true&amp;lt;/includeSubdirectories&amp;gt;
    &amp;lt;loadFilePattern&amp;gt;%&amp;lt;/loadFilePattern&amp;gt;
    &amp;lt;targetContext&amp;gt;&amp;lt;/targetContext&amp;gt;
    &amp;lt;statusUpdateInterval&amp;gt;60&amp;lt;/statusUpdateInterval&amp;gt;
    &amp;lt;threadCount&amp;gt;1&amp;lt;/threadCount&amp;gt;
    &amp;lt;skipOnError&amp;gt;false&amp;lt;/skipOnError&amp;gt;
  &amp;lt;/eu.unifiedviews.plugins.loader.filestovirtuoso.VirtuosoLoaderConfig__V1&amp;gt;
&amp;lt;/object-stream&amp;gt;&lt;/string&gt;
      &lt;/entry&gt;
    &lt;/configurations&gt;
  &lt;/MasterConfigObject&gt;
&lt;/object-stream&gt;</rawConf>
              <useDPUDescription>false</useDPUDescription>
            </template>
            <useDPUDescription>false</useDPUDescription>
            <useTemplateConfig>false</useTemplateConfig>
          </dpuInstance>
          <graph reference="../../../.."/>
          <position>
            <x>206</x>
            <y>206</y>
          </position>
        </to>
      </cz.cuni.mff.xrg.odcs.commons.app.pipeline.graph.Edge>
      <cz.cuni.mff.xrg.odcs.commons.app.pipeline.graph.Edge>
        <from reference="../../cz.cuni.mff.xrg.odcs.commons.app.pipeline.graph.Edge[3]/to"/>
        <graph reference="../../.."/>
        <script>output -&gt; filesInput;</script>
        <to>
          <dpuInstance>
            <description></description>
            <name>uv-l-filesToCkan</name>
            <rawConf>&lt;object-stream&gt;
  &lt;MasterConfigObject&gt;
    &lt;configurations&gt;
      &lt;entry&gt;
        &lt;string&gt;dpu_config&lt;/string&gt;
        &lt;string&gt;&amp;lt;object-stream&amp;gt;
  &amp;lt;eu.unifiedviews.plugins.loader.filestockan.FilesToCkanConfig__V1&amp;gt;
    &amp;lt;replaceExisting&amp;gt;true&amp;lt;/replaceExisting&amp;gt;
  &amp;lt;/eu.unifiedviews.plugins.loader.filestockan.FilesToCkanConfig__V1&amp;gt;
&amp;lt;/object-stream&amp;gt;&lt;/string&gt;
      &lt;/entry&gt;
    &lt;/configurations&gt;
  &lt;/MasterConfigObject&gt;
&lt;/object-stream&gt;</rawConf>
            <template>
              <description></description>
              <jarName>uv-l-filesToCkan-1.1.1.jar</jarName>
              <menuName>uv-l-filesToCkan</menuName>
              <name>uv-l-filesToCkan</name>
              <rawConf>&lt;object-stream&gt;
  &lt;MasterConfigObject&gt;
    &lt;configurations&gt;
      &lt;entry&gt;
        &lt;string&gt;dpu_config&lt;/string&gt;
        &lt;string&gt;&amp;lt;object-stream&amp;gt;
  &amp;lt;eu.unifiedviews.plugins.loader.filestockan.FilesToCkanConfig__V1&amp;gt;
    &amp;lt;replaceExisting&amp;gt;true&amp;lt;/replaceExisting&amp;gt;
    &amp;lt;useFileNameAsResourceName&amp;gt;true&amp;lt;/useFileNameAsResourceName&amp;gt;
  &amp;lt;/eu.unifiedviews.plugins.loader.filestockan.FilesToCkanConfig__V1&amp;gt;
&amp;lt;/object-stream&amp;gt;&lt;/string&gt;
      &lt;/entry&gt;
    &lt;/configurations&gt;
  &lt;/MasterConfigObject&gt;
&lt;/object-stream&gt;</rawConf>
              <useDPUDescription>false</useDPUDescription>
            </template>
            <useDPUDescription>false</useDPUDescription>
            <useTemplateConfig>false</useTemplateConfig>
          </dpuInstance>
          <graph reference="../../../.."/>
          <position>
            <x>547</x>
            <y>361</y>
          </position>
        </to>
      </cz.cuni.mff.xrg.odcs.commons.app.pipeline.graph.Edge>
      <cz.cuni.mff.xrg.odcs.commons.app.pipeline.graph.Edge>
        <from reference="../../cz.cuni.mff.xrg.odcs.commons.app.pipeline.graph.Edge[3]/from"/>
        <graph reference="../../.."/>
        <script>output -&gt; input;</script>
        <to>
          <dpuInstance>
            <description></description>
            <name>uv-l-filesToParliament</name>
            <rawConf>&lt;object-stream&gt;
  &lt;MasterConfigObject&gt;
    &lt;configurations&gt;
      &lt;entry&gt;
        &lt;string&gt;addon/faultToleranceWrap&lt;/string&gt;
        &lt;string&gt;&amp;lt;object-stream&amp;gt;
  &amp;lt;eu.unifiedviews.helpers.dpu.extension.faulttolerance.FaultTolerance_-Configuration__V1&amp;gt;
    &amp;lt;enabled&amp;gt;true&amp;lt;/enabled&amp;gt;
    &amp;lt;exceptionNames class=&amp;quot;linked-list&amp;quot;/&amp;gt;
    &amp;lt;maxRetryCount&amp;gt;-1&amp;lt;/maxRetryCount&amp;gt;
  &amp;lt;/eu.unifiedviews.helpers.dpu.extension.faulttolerance.FaultTolerance_-Configuration__V1&amp;gt;
&amp;lt;/object-stream&amp;gt;&lt;/string&gt;
      &lt;/entry&gt;
      &lt;entry&gt;
        &lt;string&gt;dpu_config&lt;/string&gt;
        &lt;string&gt;&amp;lt;object-stream&amp;gt;
  &amp;lt;eu.unifiedviews.plugins.loader.filestoparliament.FilesToParliamentConfig__V1&amp;gt;
    &amp;lt;endpointURL&amp;gt;http://cloud29j.cerit-sc.cz/parliament/&amp;lt;/endpointURL&amp;gt;
    &amp;lt;rdfFileFormat&amp;gt;Turtle&amp;lt;/rdfFileFormat&amp;gt;
    &amp;lt;targetGraphName&amp;gt;http://data.sazp.sk/resource/dataset/protected-sites&amp;lt;/targetGraphName&amp;gt;
    &amp;lt;clearDestinationGraph&amp;gt;true&amp;lt;/clearDestinationGraph&amp;gt;
  &amp;lt;/eu.unifiedviews.plugins.loader.filestoparliament.FilesToParliamentConfig__V1&amp;gt;
&amp;lt;/object-stream&amp;gt;&lt;/string&gt;
      &lt;/entry&gt;
    &lt;/configurations&gt;
  &lt;/MasterConfigObject&gt;
&lt;/object-stream&gt;</rawConf>
            <template>
              <description></description>
              <jarName>uv-l-filesToParliament-1.0.1.jar</jarName>
              <menuName>uv-l-filesToParliament</menuName>
              <name>uv-l-filesToParliament</name>
              <rawConf>&lt;object-stream&gt;
  &lt;MasterConfigObject&gt;
    &lt;configurations&gt;
      &lt;entry&gt;
        &lt;string&gt;dpu_config&lt;/string&gt;
        &lt;string&gt;&amp;lt;object-stream&amp;gt;
  &amp;lt;eu.unifiedviews.plugins.loader.filestoparliament.FilesToParliamentConfig__V1&amp;gt;
    &amp;lt;endpointURL&amp;gt;http://localhost:8080/parliament/&amp;lt;/endpointURL&amp;gt;
    &amp;lt;rdfFileFormat&amp;gt;Auto&amp;lt;/rdfFileFormat&amp;gt;
    &amp;lt;targetGraphName&amp;gt;&amp;lt;/targetGraphName&amp;gt;
    &amp;lt;clearDestinationGraph&amp;gt;false&amp;lt;/clearDestinationGraph&amp;gt;
  &amp;lt;/eu.unifiedviews.plugins.loader.filestoparliament.FilesToParliamentConfig__V1&amp;gt;
&amp;lt;/object-stream&amp;gt;&lt;/string&gt;
      &lt;/entry&gt;
    &lt;/configurations&gt;
  &lt;/MasterConfigObject&gt;
&lt;/object-stream&gt;</rawConf>
              <useDPUDescription>false</useDPUDescription>
            </template>
            <useDPUDescription>false</useDPUDescription>
            <useTemplateConfig>false</useTemplateConfig>
          </dpuInstance>
          <graph reference="../../../.."/>
          <position>
            <x>379</x>
            <y>285</y>
          </position>
        </to>
      </cz.cuni.mff.xrg.odcs.commons.app.pipeline.graph.Edge>
      <cz.cuni.mff.xrg.odcs.commons.app.pipeline.graph.Edge>
        <from>
          <dpuInstance>
            <description>SPARQL endpoint</description>
            <menuName>uv-e-distributionMetadata</menuName>
            <name>uv-e-distributionMetadata</name>
            <rawConf>&lt;object-stream&gt;
  &lt;MasterConfigObject&gt;
    &lt;configurations&gt;
      &lt;entry&gt;
        &lt;string&gt;dpu_config&lt;/string&gt;
        &lt;string&gt;&amp;lt;object-stream&amp;gt;
  &amp;lt;eu.unifiedviews.plugins.extractor.distributionmetadata.DistributionMetadataConfig__V1&amp;gt;
    &amp;lt;name&amp;gt;SPARQL endpoint&amp;lt;/name&amp;gt;
    &amp;lt;format&amp;gt;api/sparql&amp;lt;/format&amp;gt;
  &amp;lt;/eu.unifiedviews.plugins.extractor.distributionmetadata.DistributionMetadataConfig__V1&amp;gt;
&amp;lt;/object-stream&amp;gt;&lt;/string&gt;
      &lt;/entry&gt;
    &lt;/configurations&gt;
  &lt;/MasterConfigObject&gt;
&lt;/object-stream&gt;</rawConf>
            <template>
              <description></description>
              <jarName>uv-e-distributionMetadata-2.0.1.jar</jarName>
              <menuName>uv-e-distributionMetadata</menuName>
              <name>uv-e-distributionMetadata</name>
              <rawConf>&lt;object-stream&gt;
  &lt;MasterConfigObject&gt;
    &lt;configurations&gt;
      &lt;entry&gt;
        &lt;string&gt;dpu_config&lt;/string&gt;
        &lt;string&gt;&amp;lt;object-stream&amp;gt;
  &amp;lt;eu.unifiedviews.plugins.extractor.distributionmetadata.DistributionMetadataConfig__V1/&amp;gt;
&amp;lt;/object-stream&amp;gt;&lt;/string&gt;
      &lt;/entry&gt;
    &lt;/configurations&gt;
  &lt;/MasterConfigObject&gt;
&lt;/object-stream&gt;</rawConf>
              <useDPUDescription>false</useDPUDescription>
            </template>
            <useDPUDescription>false</useDPUDescription>
            <useTemplateConfig>false</useTemplateConfig>
          </dpuInstance>
          <graph reference="../../../.."/>
          <position>
            <x>203</x>
            <y>364</y>
          </position>
        </from>
        <graph reference="../../.."/>
        <script>distributionOutput -&gt; distributionInput;</script>
        <to>
          <dpuInstance>
            <description></description>
            <menuName>uv-l-rdfToCkan</menuName>
            <name>uv-l-rdfToCkan</name>
            <rawConf>&lt;object-stream&gt;
  &lt;MasterConfigObject&gt;
    &lt;configurations&gt;
      &lt;entry&gt;
        &lt;string&gt;dpu_config&lt;/string&gt;
        &lt;string&gt;&amp;lt;object-stream&amp;gt;
  &amp;lt;eu.unifiedviews.plugins.loader.rdftockan.RdfToCkanConfig__V1/&amp;gt;
&amp;lt;/object-stream&amp;gt;&lt;/string&gt;
      &lt;/entry&gt;
    &lt;/configurations&gt;
  &lt;/MasterConfigObject&gt;
&lt;/object-stream&gt;</rawConf>
            <template>
              <description></description>
              <jarName>uv-l-rdfToCkan-1.1.1.jar</jarName>
              <menuName>uv-l-rdfToCkan</menuName>
              <name>uv-l-rdfToCkan</name>
              <rawConf>&lt;object-stream&gt;
  &lt;MasterConfigObject&gt;
    &lt;configurations&gt;
      &lt;entry&gt;
        &lt;string&gt;dpu_config&lt;/string&gt;
        &lt;string&gt;&amp;lt;object-stream&amp;gt;
  &amp;lt;eu.unifiedviews.plugins.loader.rdftockan.RdfToCkanConfig__V1/&amp;gt;
&amp;lt;/object-stream&amp;gt;&lt;/string&gt;
      &lt;/entry&gt;
    &lt;/configurations&gt;
  &lt;/MasterConfigObject&gt;
&lt;/object-stream&gt;</rawConf>
              <useDPUDescription>false</useDPUDescription>
            </template>
            <useDPUDescription>false</useDPUDescription>
            <useTemplateConfig>false</useTemplateConfig>
          </dpuInstance>
          <graph reference="../../../.."/>
          <position>
            <x>203</x>
            <y>283</y>
          </position>
        </to>
      </cz.cuni.mff.xrg.odcs.commons.app.pipeline.graph.Edge>
      <cz.cuni.mff.xrg.odcs.commons.app.pipeline.graph.Edge>
        <from reference="../../cz.cuni.mff.xrg.odcs.commons.app.pipeline.graph.Edge/to"/>
        <graph reference="../../.."/>
        <script>rdfOutput -&gt; input;</script>
        <to>
          <dpuInstance>
            <description>Remove placeholder citations</description>
            <menuName>uv-t-sparqlUpdate</menuName>
            <name>uv-t-sparqlUpdate</name>
            <rawConf>&lt;object-stream&gt;
  &lt;MasterConfigObject&gt;
    &lt;configurations&gt;
      &lt;entry&gt;
        &lt;string&gt;addon/faultToleranceWrap&lt;/string&gt;
        &lt;string&gt;&amp;lt;object-stream&amp;gt;
  &amp;lt;eu.unifiedviews.helpers.dpu.extension.faulttolerance.FaultTolerance_-Configuration__V1&amp;gt;
    &amp;lt;enabled&amp;gt;false&amp;lt;/enabled&amp;gt;
    &amp;lt;exceptionNames class=&amp;quot;linked-list&amp;quot;/&amp;gt;
    &amp;lt;maxRetryCount&amp;gt;-1&amp;lt;/maxRetryCount&amp;gt;
  &amp;lt;/eu.unifiedviews.helpers.dpu.extension.faulttolerance.FaultTolerance_-Configuration__V1&amp;gt;
&amp;lt;/object-stream&amp;gt;&lt;/string&gt;
      &lt;/entry&gt;
      &lt;entry&gt;
        &lt;string&gt;dpu_config&lt;/string&gt;
        &lt;string&gt;&amp;lt;object-stream&amp;gt;
  &amp;lt;cz.cuni.mff.xrg.uv.transformer.sparql.update.SparqlUpdateConfig__V1&amp;gt;
    &amp;lt;query&amp;gt;PREFIX dcterms: &amp;amp;lt;http://purl.org/dc/terms/&amp;amp;gt;
PREFIX foaf:       &amp;amp;lt;http://xmlns.com/foaf/0.1/&amp;amp;gt;
PREFIX ps:         &amp;amp;lt;http://www.w3.org/2015/03/inspire/ps#&amp;amp;gt;

DELETE {
  ?document a foaf:Document ;
    dcterms:bibliographicCitation &amp;amp;quot;Doc:&amp;amp;quot; .
  ?protectedSite ps:legalFoundationDocument ?document .
}
WHERE {
  ?document a foaf:Document ;
    dcterms:bibliographicCitation &amp;amp;quot;Doc:&amp;amp;quot; .  
  ?protectedSite ps:legalFoundationDocument ?document .
}&amp;lt;/query&amp;gt;
    &amp;lt;perGraph&amp;gt;true&amp;lt;/perGraph&amp;gt;
  &amp;lt;/cz.cuni.mff.xrg.uv.transformer.sparql.update.SparqlUpdateConfig__V1&amp;gt;
&amp;lt;/object-stream&amp;gt;&lt;/string&gt;
      &lt;/entry&gt;
    &lt;/configurations&gt;
  &lt;/MasterConfigObject&gt;
&lt;/object-stream&gt;</rawConf>
            <template>
              <description></description>
              <jarName>uv-t-sparqlUpdate-2.1.1.jar</jarName>
              <menuName>uv-t-sparqlUpdate</menuName>
              <name>uv-t-sparqlUpdate</name>
              <rawConf>&lt;object-stream&gt;
  &lt;MasterConfigObject&gt;
    &lt;configurations&gt;
      &lt;entry&gt;
        &lt;string&gt;dpu_config&lt;/string&gt;
        &lt;string&gt;&amp;lt;object-stream&amp;gt;
  &amp;lt;cz.cuni.mff.xrg.uv.transformer.sparql.update.SparqlUpdateConfig__V1&amp;gt;
    &amp;lt;query&amp;gt;INSERT {?s ?p ?o} WHERE {?s ?p ?o}&amp;lt;/query&amp;gt;
    &amp;lt;perGraph&amp;gt;true&amp;lt;/perGraph&amp;gt;
  &amp;lt;/cz.cuni.mff.xrg.uv.transformer.sparql.update.SparqlUpdateConfig__V1&amp;gt;
&amp;lt;/object-stream&amp;gt;&lt;/string&gt;
      &lt;/entry&gt;
    &lt;/configurations&gt;
  &lt;/MasterConfigObject&gt;
&lt;/object-stream&gt;</rawConf>
              <useDPUDescription>false</useDPUDescription>
            </template>
            <useDPUDescription>false</useDPUDescription>
            <useTemplateConfig>false</useTemplateConfig>
          </dpuInstance>
          <graph reference="../../../.."/>
          <position>
            <x>551</x>
            <y>118</y>
          </position>
        </to>
      </cz.cuni.mff.xrg.odcs.commons.app.pipeline.graph.Edge>
      <cz.cuni.mff.xrg.odcs.commons.app.pipeline.graph.Edge>
        <from reference="../../cz.cuni.mff.xrg.odcs.commons.app.pipeline.graph.Edge[8]/to"/>
        <graph reference="../../.."/>
        <script>output -&gt; input;</script>
        <to reference="../../cz.cuni.mff.xrg.odcs.commons.app.pipeline.graph.Edge[3]/from"/>
      </cz.cuni.mff.xrg.odcs.commons.app.pipeline.graph.Edge>
      <cz.cuni.mff.xrg.odcs.commons.app.pipeline.graph.Edge>
        <from reference="../../cz.cuni.mff.xrg.odcs.commons.app.pipeline.graph.Edge[4]/to"/>
        <graph reference="../../.."/>
        <script>rdfOutput -&gt; rdfInput;</script>
        <to reference="../../cz.cuni.mff.xrg.odcs.commons.app.pipeline.graph.Edge[7]/to"/>
      </cz.cuni.mff.xrg.odcs.commons.app.pipeline.graph.Edge>
      <cz.cuni.mff.xrg.odcs.commons.app.pipeline.graph.Edge>
        <from reference="../../cz.cuni.mff.xrg.odcs.commons.app.pipeline.graph.Edge[3]/from"/>
        <graph reference="../../.."/>
        <script>output -&gt; input;</script>
        <to reference="../../cz.cuni.mff.xrg.odcs.commons.app.pipeline.graph.Edge[4]/from"/>
      </cz.cuni.mff.xrg.odcs.commons.app.pipeline.graph.Edge>
      <cz.cuni.mff.xrg.odcs.commons.app.pipeline.graph.Edge>
        <from>
          <dpuInstance>
            <description>RDF dump</description>
            <menuName>uv-e-distributionMetadata</menuName>
            <name>uv-e-distributionMetadata</name>
            <rawConf>&lt;object-stream&gt;
  &lt;MasterConfigObject&gt;
    &lt;configurations&gt;
      &lt;entry&gt;
        &lt;string&gt;dpu_config&lt;/string&gt;
        &lt;string&gt;&amp;lt;object-stream&amp;gt;
  &amp;lt;eu.unifiedviews.plugins.extractor.distributionmetadata.DistributionMetadataConfig__V1&amp;gt;
    &amp;lt;name&amp;gt;RDF dump&amp;lt;/name&amp;gt;
    &amp;lt;mimetype&amp;gt;application/zip&amp;lt;/mimetype&amp;gt;
  &amp;lt;/eu.unifiedviews.plugins.extractor.distributionmetadata.DistributionMetadataConfig__V1&amp;gt;
&amp;lt;/object-stream&amp;gt;&lt;/string&gt;
      &lt;/entry&gt;
    &lt;/configurations&gt;
  &lt;/MasterConfigObject&gt;
&lt;/object-stream&gt;</rawConf>
            <template reference="../../../../cz.cuni.mff.xrg.odcs.commons.app.pipeline.graph.Edge[7]/from/dpuInstance/template"/>
            <useDPUDescription>false</useDPUDescription>
            <useTemplateConfig>false</useTemplateConfig>
          </dpuInstance>
          <graph reference="../../../.."/>
          <position>
            <x>548</x>
            <y>445</y>
          </position>
        </from>
        <graph reference="../../.."/>
        <script>distributionOutput -&gt; distributionInput;</script>
        <to reference="../../cz.cuni.mff.xrg.odcs.commons.app.pipeline.graph.Edge[5]/to"/>
      </cz.cuni.mff.xrg.odcs.commons.app.pipeline.graph.Edge>
    </edges>
    <nodes>
      <cz.cuni.mff.xrg.odcs.commons.app.pipeline.graph.Node reference="../../edges/cz.cuni.mff.xrg.odcs.commons.app.pipeline.graph.Edge[7]/from"/>
      <cz.cuni.mff.xrg.odcs.commons.app.pipeline.graph.Node reference="../../edges/cz.cuni.mff.xrg.odcs.commons.app.pipeline.graph.Edge[4]/from"/>
      <cz.cuni.mff.xrg.odcs.commons.app.pipeline.graph.Node reference="../../edges/cz.cuni.mff.xrg.odcs.commons.app.pipeline.graph.Edge[12]/from"/>
      <cz.cuni.mff.xrg.odcs.commons.app.pipeline.graph.Node reference="../../edges/cz.cuni.mff.xrg.odcs.commons.app.pipeline.graph.Edge[5]/to"/>
      <cz.cuni.mff.xrg.odcs.commons.app.pipeline.graph.Node reference="../../edges/cz.cuni.mff.xrg.odcs.commons.app.pipeline.graph.Edge/from"/>
      <cz.cuni.mff.xrg.odcs.commons.app.pipeline.graph.Node reference="../../edges/cz.cuni.mff.xrg.odcs.commons.app.pipeline.graph.Edge[7]/to"/>
      <cz.cuni.mff.xrg.odcs.commons.app.pipeline.graph.Node reference="../../edges/cz.cuni.mff.xrg.odcs.commons.app.pipeline.graph.Edge/to"/>
      <cz.cuni.mff.xrg.odcs.commons.app.pipeline.graph.Node reference="../../edges/cz.cuni.mff.xrg.odcs.commons.app.pipeline.graph.Edge[4]/to"/>
      <cz.cuni.mff.xrg.odcs.commons.app.pipeline.graph.Node reference="../../edges/cz.cuni.mff.xrg.odcs.commons.app.pipeline.graph.Edge[3]/from"/>
      <cz.cuni.mff.xrg.odcs.commons.app.pipeline.graph.Node reference="../../edges/cz.cuni.mff.xrg.odcs.commons.app.pipeline.graph.Edge[3]/to"/>
      <cz.cuni.mff.xrg.odcs.commons.app.pipeline.graph.Node reference="../../edges/cz.cuni.mff.xrg.odcs.commons.app.pipeline.graph.Edge[8]/to"/>
      <cz.cuni.mff.xrg.odcs.commons.app.pipeline.graph.Node reference="../../edges/cz.cuni.mff.xrg.odcs.commons.app.pipeline.graph.Edge[2]/from"/>
      <cz.cuni.mff.xrg.odcs.commons.app.pipeline.graph.Node reference="../../edges/cz.cuni.mff.xrg.odcs.commons.app.pipeline.graph.Edge[6]/to"/>
    </nodes>
    <pipeline reference="../.."/>
  </graph>
  <lastChange>2015-08-10 11:49:42.38 UTC</lastChange>
  <name>SAZP: Protected sites</name>
  <shareType>PRIVATE</shareType>
</cz.cuni.mff.xrg.odcs.commons.app.pipeline.Pipeline>