<dpus>
  <dpu>
    <dpuName>uv-e-distributionMetadata</dpuName>
    <jarName>uv-e-distributionMetadata-2.0.1.jar</jarName>
    <version>unknown</version>
  </dpu>
  <dpu>
    <dpuName>uv-e-filesDownload</dpuName>
    <jarName>uv-e-filesDownload-2.1.1.jar</jarName>
    <version>unknown</version>
  </dpu>
  <dpu>
    <dpuName>uv-l-filesToCkan</dpuName>
    <jarName>uv-l-filesToCkan-1.1.1.jar</jarName>
    <version>unknown</version>
  </dpu>
  <dpu>
    <dpuName>uv-l-filesToParliament</dpuName>
    <jarName>uv-l-filesToParliament-1.0.1.jar</jarName>
    <version>unknown</version>
  </dpu>
  <dpu>
    <dpuName>uv-l-filesToVirtuoso</dpuName>
    <jarName>uv-l-filesToVirtuoso-2.1.1.jar</jarName>
    <version>unknown</version>
  </dpu>
  <dpu>
    <dpuName>uv-l-filesUpload</dpuName>
    <jarName>uv-l-filesUpload-2.1.1.jar</jarName>
    <version>unknown</version>
  </dpu>
  <dpu>
    <dpuName>uv-l-rdfToCkan</dpuName>
    <jarName>uv-l-rdfToCkan-1.1.1.jar</jarName>
    <version>unknown</version>
  </dpu>
  <dpu>
    <dpuName>uv-t-filesToRdf</dpuName>
    <jarName>uv-t-filesToRdf-2.1.1.jar</jarName>
    <version>unknown</version>
  </dpu>
  <dpu>
    <dpuName>uv-t-rdfToFiles</dpuName>
    <jarName>uv-t-rdfToFiles-2.1.1.jar</jarName>
    <version>unknown</version>
  </dpu>
  <dpu>
    <dpuName>uv-t-sparqlUpdate</dpuName>
    <jarName>uv-t-sparqlUpdate-2.1.1.jar</jarName>
    <version>unknown</version>
  </dpu>
  <dpu>
    <dpuName>uv-t-xslt</dpuName>
    <jarName>uv-t-xslt-2.2.1.jar</jarName>
    <version>unknown</version>
  </dpu>
  <dpu>
    <dpuName>uv-t-zipper</dpuName>
    <jarName>uv-t-zipper-2.1.1.jar</jarName>
    <version>unknown</version>
  </dpu>
</dpus>